last,first,email
ΔΑΜΑΣΚΟΥ,ΧΡΙΣΤΙΝΑ,0306dama@gmail.com
ΓΕΩΡΓΑΣ,ΑΝΑΣΤΑΣΙΟΣ,25geo06@gmail.com
ΓΑΡΓΑΛΑ,ΑΣΠΑΣΙΑ,a_gargala@hotmail.com
ΝΑΣΙΚΑΣ,ΑΘΑΝΑΣΙΟΣ,a.a.nass@teilar.gr
ΚΟΥΔΟΥΝΗ,ΑΜΑΛΙΑ,a.koudouni@yahoo.gr
ΚΟΥΤΣΟΥΡΗ,ΑΝΔΡΙΑΝΑ,a.koutsouri@gmail.com
ΜΗΝΑΔΑΚΗ,ΑΛΚΜΗΝΗ,a.minadaki@oanak.gr
ΣΠΥΡΟΠΟΥΛΟΣ,ΑΚΗΣ,a.spyropoulos@bluewin.ch
ΠΑΠΟΥΤΣΗ,ΑΝΑΣΤΑΣΙΑ,aapapoutsi@gmail.com
ΑΡΧΟΝΤΙΔΟΥ,ΑΓΛΑΪΑ,aarchon@otenet.gr
ΜΠΑΣΙΟΥΚΑ-ΠΟΛΥΧΡΟΝΙΑΔΟΥ,ΑΘΗΝΑ,abasiouka@gmail.com
ΜΠΟΖΟΠΟΥΛΟΣ,ΑΝΑΣΤΑΣΙΟΣ,abozo47@gmail.com
ΜΠΟΖΩΝΗ,ΑΡΓΥΡΩ,abozoni@yahoo.gr
ΠΑΠΑΔΗΜΗΤΡΙΟΥ,ΔΗΜΗΤΡΙΟΣ,adagiodp@yahoo.gr
ΔΟΜΟΥΖΗ,ΑΝΔΡΙΑΝΝΑ,adrianadomouzi@gmail.com
ΑΓΓΕΛΟΠΟΥΛΟΣ,ΚΩΝ/ΝΟΣ,aggeloco@yahoo.gr
ΓΙΩΣΑΣ,ΑΠΟΣΤΟΛΟΣ,agiosas@otenet.gr
ΚΑΡΑΔΗΜΑ,ΑΓΑΘΗ,agkaradima@yahoo.gr
ΚΕΦΑΛΟΥ,ΑΓΛΑΪΑ,aglaiakefalou@gmail.com
ΜΑΥΡΟΚΕΦΑΛΟΥ,ΑΓΛΑΪΑ (ΛΙΛΗ),aglamav@otenet.gr
ΜΑΡΙΑΚΑΚΗ,ΑΓΝΗ,agnes@mariakaki.com
ΒΑΛΑΛΑ,ΑΓΝΗ,agnitsa@t-online.de
ΑΓΟΥΡΙΔΗ,ΒΙΛΚΑ,agouridivilka@gmail.com
ΑΗΔΟΝΗΣ,ΓΕΩΡΓΙΟΣ,aidonis@otenet.gr
ΚΟΥΤΟΥΠΗΣ,ΘΑΛΗΣ,aithalis@aithalis.gr
ΚΩΣΤΑΡΟΠΟΥΛΟΣ,ΑΘΑΝΑΣΙΟΣ,ak@aua.gr
ΠΑΠΑΟΙΚΟΝΟΜΟΥ-ΚΗΠΟΥΡΓΟΥ,ΑΙΚΑΤΕΡΙΝΗ,akhp74@otenet.gr
ΚΛΩΝΙΖΑΚΗ,ΑΡΙΑΔΝΗ,aklonizaki@culture.gr
ΚΟΤΤΑΡΙΔΗ,ΑΓΓΕΛΙΚΗ,akottaridi@yahoo.gr
ΚΟΥΡΤΕΣΗΣ,ΒΑΣΙΛΕΙΟΣ,aktis.ath@gmail.com
ΚΥΡΙΑΖΗΣ,ΑΘΑΝΑΣΙΟΣ,akyri@tee.gr
ΓΙΑΝΝΟΠΟΥΛΟΥ,ΑΛΕΞΑΝΔΡΑ,alekagia@yahoo.com
ΛΕΣΙΩΤΗ,ΑΡΓΥΡΩ,alesioti@yahoo.gr
ΠΑΛΑΙΟΛΟΓΟΥ,ΑΛΕΞΑΝΔΡΑ,alex_paleologou@yahoo.gr
ΑΛΕΞΑΚΗ,ΑΡΧΟΝΤΙΑ,alexaki.ar@gmail.com
ΜΗΤΣΟΤΑΚΗ,ΑΛΕΞΑΝΔΡΑ,alexandragmitsotaki@gmail.com
ΑΛΕΞΙΟΥ,ΑΝΔΡΕΑΣ,alexiouan@gmail.com
ΜΠΟΥΡΑ,ΑΛΕΞΑΝΔΡΑ,alexis1972777@yahoo.gr
ΒΟΥΤΣΑΣ,ΑΛΕΞΑΝΔΡΟΣ,alexvoutsas1@gmail.com
ΑΛΕΞΑΝΔΡΑΚΗ,ΑΛΙΚΗ-ΜΑΡΙΑ,alikalwin@hotmail.com
ΚΑΚΛΑΜΑΝΗΣ,ΝΙΚΗΤΑΣ,aliki-veimou@live.gr
ΚΑΖΟΛΕΑ ΝΙΚΟΛΟΠΟΥΛΟΥ,ΑΛΙΚΗ,alinikol@yahoo.com
ΚΑΤΣΑΡΗ-ΚΑΤΣΑΡΟΥ,ΑΛΕΞΑΝΔΡΑ,alkats.duoa@yahoo.gr
ΛΙΩΛΗΣ,ΑΛΚΗΣ,alkisl1988@gmail.com
ΠΑΝΤΑΖΟΠΟΥΛΟΣ,ΑΛΕΞΑΝΔΡΟΣ,alpant58@gmail.com
ΘΩΜΑΣ,ΑΛΕΞΗΣ,althiops@otenet.gr
ΠΕΤΣΑΛΗ,ΑΜΑΛΙΑ,amalia.petsali@gmail.com
ΑΛΗΜΠΑΤΕ,ΑΜΦΙΤΡΙΤΗ,amfialimpate@gmail.com
ΞΕΝΟΣ-ΓΑΒΡΙΕΛΗΣ,ΒΑΣΙΛΕΙΟΣ,amfiktio@otenet.gr
ΜΑΥΡΟΛΕΩΝ,ΑΝΝΑ,an.mavroleon@gmail.com
ΑΠΟΣΤΟΛΟΥΛΗ,ΟΛΥΜΠΙΑ,anasdelig@yahoo.gr
ΑΝΑΣΤΑΣΙΑΔΟΥ,ΓΙΟΥΛΗ,anast_you@yahoo.com
ΜΠΡΙΛΗ,ΑΝΑΣΤΑΣΙΑ,anastasiamprili@gmail.com
ΝΙΚΑΣ,ΑΝΑΣΤΑΣΙΟΣ,anastasiosnikas@yahoo.gr
ΠΑΠΑΪΩΑΝΝΟΥ,ΑΝΑΣΤΑΣΙΑ,anastaspap@yahoo.gr
ΑΝΑΣΤΟΠΟΥΛΟΥ,ΑΓΓΕΛΙΚΗ,anastoaggel@gmail.com
ΑΘΑΝΑΣΙΑΔΟΥ,ΑΝΑΤΟΛΗ,anatoliathanasiadou1@yahoo.gr
ΣΟΥΛΙΩΤΟΥ,ΑΝΑΣΤΑΣΙΑ-ΖΩΗ,anazsol@hotmail.com
ΔΗΜΗΤΡΙΟΥ,ΑΝΤΩΝΙΟΣ,andimitriou@yahoo.com
ΑΝΔΡΕΑΔΗ,ΕΙΡΗΝΗ,andreadi@megaron.gr
ΣΠΥΡΟΥ,ΑΝΔΡΕΑΣ,andreas.spirou@gmail.com
ΠΑΠΑΔΟΥΡΗ,ΑΝΔΡΙΑΝΑ,andriapapas@gmail.com
ΜΑΧΑΙΡΑΣ,ΕΥΘΥΜΙΟΣ,anepitideutos@hotmail.com
ΓΑΡΙΔΗ,ΑΓΓΕΛΙΚΗ,angelagar@windowslive.com
ΚΑΘΑΡΙΟΥ,ΑΓΓΕΛΙΚΗ,angelica@cathariou.com
ΛΥΚΟΓΙΑΝΝΗ,ΑΓΓΕΛΙΚΗ,angelina.l@amongtheants.com
ΣΕΛΗΝΙΔΟΥ,ΑΓΓΕΛΙΚΗ,angelselgr@yahoo.gr
ΒΑΡΕΛΑ,ΑΓΓΕΛΙΚΗ,angvar9@gmail.com/ Barela_a@gnto.gr
ΑΝΗΨΗΤΑΚΗΣ,ΑΝΤΩΝΙΟΣ,anipsitakis55@gmail.com
ΙΩΑΝΝΙΔΟΥ,ΑΝΝΑ,anna_ioannid@yahoo.com
ΚΟΥΚΟΥΛΗ,ΑΝΝΑ,anna_kouk@hotmail.com
ΠΑΤΑΚΗ,ΑΝΝΑ,anna@patakis.gr
ΠΑΝΑΓΙΩΤΑΡΕΑ,ΑΝΝΑ,annapanagiotarea@gmail.com
ΤΣΙΜΠΙΡΟΓΛΟΥ,ΑΝΝΑ,annatsib@hotmail.com
ΔΕΡΒΕΝΗ,ΑΝΝΑ,annderveni@gmail.com
ΔΟΞΙΑΔΗ,ΑΝΘΗ,anthycam@gmail.com
ΟΙΚΟΝΟΜΟΥ,ΑΝΑΣΤΑΣΙΑ,aoikonomou@magnesia.gr
ΛΑΓΓΗΣ,ΑΠΟΣΤΟΛΟΣ,ap.la@outlook.com
ΑΠΟΣΤΟΛΟΠΟΥΛΟΥ,ΔΩΡΑ,apdora@yahoo.gr
ΠΗΓΑΔΙΩΤΗΣ,ΑΛΕΞΗΣ,apigadis@hotmail.com
ΣΤΕΦΩΣΗ,ΜΑΡΙΑ,apolloms@otenet.gr
ΠΟΛΥΜΕΝΟΠΟΥΛΟΥ,ΑΙΚΑΤΕΡΙΝΗ,apolymenop@gmail.com
ΑΡΑΒΑΝΗ,ΒΙΒΙΑΝ,aravaniv@interamerican.gr
ΓΕΩΡΓΑΚΟΠΟΥΛΟΣ,ΠΑΝΑΓΙΩΤΗΣ,arcastd@otenet.gr
ΡΗΓΑ,ΔΑΦΝΗ,arch.dafniriga@gmail.com
ΝΙΚΟΛΑΡΑ,ΑΡΙΑΔΝΗ,ariadnenikol@yahoo.gr
ΡΟΚΚΟΥ,ΑΓΓΕΛΙΚΗ,arokkou@hotmail.com
ΑΡΣΕΝΗΣ,ΘΩΜΑΣ,Arsenistom94@gmail.com
ΟΙΚΟΝΟΜΟΥ,ΑΡΤΕΜΙΟΣ,artemios.oikonomou@gmail.com
ΔΡΑΓΑΤΗΣ,ΚΩΝ/ΝΟΣ,asp1@otenet.gr
ΚΟΥΓΕΑ,ΕΛΕΝΗ,astragal@otenet.gr
ΑΝΤΩΝΟΠΟΥΛΟΣ,ΑΘΑΝΑΣΙΟΣ,athantonopoulos@yahoo.gr
ΚΟΚΚΑΛΗ,ΑΘΗΝΑ,athkokkali@gmail.com
ΔΑΝΑΚΑΣ,ΑΘΑΝΑΣΙΟΣ,athosdanakas@gmail.com
ΠΟΛΥΜΕΝΕΑΣ-ΛΙΟΝΤΗΡΗΣ,ΑΘΑΝΑΣΙΟΣ,athpoli@gmail.com
ΤΣΙΡΙΓΟΣ,ΑΝΤΩΝΙΟΣ,atmodon@hotmail.com
ΤΣΑΛΤΑΦΕΡΙΔΗΣ,ΑΠΟΣΤΟΛΟΣ,atsaltaferidis@forthnet.com
ΤΕΡΖΟΠΟΥΛΟΣ,ΘΕΟΔΩΡΟΣ,attis@otenet.gr
ΒΟΥΛΓΑΡΗΣ,ΑΛΕΞΑΝΔΡΟΣ,avoulgaris@volos-city.gr
ΑΖΙΝΑ,ΑΘΗΝΑ,azinath@yahoo.com
ΜΗΤΡΩΚΑ,ΒΑΡΒΑΡΑ,barbara_mitrwka@hotmail.com
ΞΥΝΟΣ,ΒΑΣΙΛΕΙΟΣ,basilis.xinos@gmail.com
ΜΙΧΑΗΛΙΔΗΣ,ΧΡΗΣΤΟΣ,bavzer@gmail.com
ΜΠΟΥΛΜΕΤΗΣ,ΑΝΑΣΤΑΣΙΟΣ,bbox@ath.forthnet.gr
ΜΠΕΧΡΑΚΗ,ΕΛΕΝΗ,belene@otenet.gr
ΜΠΕΝΑΚΗΣ-ΝΙΚΟΛΟΠΟΥΛΟΣ,ΘΕΟΔΩΡΟΣ,benakis@otenet.gr
ΜΠΕΡΙΑΤΟΣ,ΗΛΙΑΣ,beriatos@otenet.gr
ΜΑΓΡΙΠΛΗ,ΒΑΣΙΛΙΚΗ,bikimagr@gmail.com
ΔΕΡΒΙΣΟΓΛΟΥ,ΧΡΥΣΟΥΛΑ,biskotaki2712@hotmail.com
ΚΑΠΕΛΙΟΣ,ΒΑΣΙΛΕΙΟΣ,bkapelios@yahoo.gr
ΜΠΛΕΝΤΑΡ,GJONI,bledi2603@hotmail.com
ΜΠΛΕΤΑΣ,ΜΑΡΙΟΣ,bletas@haef.gr
ΜΠΛΕΤΣΑΣ,ΣΩΤΗΡΙΟΣ,bletsas@tee.gr
ΣΤΑΜΑΤΗΣ,ΑΛΕΞΑΝΔΡΟΣ,bm-sruome@otenet.gr
ΝΙΤΣΙΑΚΟΣ,ΒΑΣΙΛΕΙΟΣ,bnitsiak@cc.uoi.gr
ΠΑΝΟΥΣΟΠΟΥΛΟΣ,ΒΑΣΙΛΕΙΟΣ,bnpan@otenet.gr
ΛΥΚΟΥΡΙΩΤΟΥ-ΜΠΟΜΠΟΤΗ,ΒΑΡΒΑΡΑ,bobotism@otenet.gr
ΜΠΟΛΟΣΗΣ,ΔΟΝΑΤΟΣ,bolosisd@yahoo.gr
ΡΗΓΙΝΟΣ,ΒΥΡΩΝ,byron66@me.com
ΑΓΓΕΛΟΠΟΥΛΟΥ,ΧΡΙΣΤΙΝΑ,c_angelopoulou@hotmail.com
ΚΑΡΥΔΗ,ΧΡΥΣΗ,c_karydi@otenet.gr
ΖΑΜΠΑΣ,ΚΩΝ/ΝΟΣ,c-zambas@hol.gr
ΝΤΑΛΤΑΓΙΑΝΝΗ,ΧΡΙΣΤΙΝΑ,c.daltagianni@yahoo.com
ΔΑΜΙΑΝΙΔΗΣ,ΧΡΗΣΤΟΣ,cdamianidis@hotmail.com
ΔΙΟΝΥΣΟΠΟΥΛΟΣ,ΧΡΗΣΤΟΣ,cdionysopoulos@gmail.com
ΔΙΠΛΑΣ,ΧΡΗΣΤΟΣ,cdipl@tectonarchus.gr
ΓΡΑΒΑΝΗ,ΚΩΝ/ΝΑ,cgravani@cc.uoi.gr
ΚΑΦΥΡΑΣ,ΧΑΡΑΛΑΜΠΟΣ,ch.kafiras@pde.gov.gr
ΛΥΠΙΡΙΔΗΣ,ΧΑΡΑΛΑΜΠΟΣ,charis.lypiridis@gmail.com
ΚΑΡΑΔΗΜΑ,ΧΡΥΣΑ,chkaradima@yahoo.gr
ΚΑΤΣΟΥΛΟΥ,ΧΡΙΣΤΙΝΑ,chkatsoulou@yahoo.gr
ΚΑΤΣΙΩΝΗΣ,ΧΡΗΣΤΟΣ,chr.katsionis@gmail.com
ΡΑΠΤΗΣ,ΧΑΡΑΛΑΜΠΟΣ,chraptis@culture.gr
ΑΝΤΩΝΑΤΟΥ,ΧΡΙΣΤΙΝΑ,chris@unibrain.gr
ΘΕΟΦΑΝΗ,ΧΡΥΣΟΥΛΑ,chrisatheof@hotmail.com
ΣΙΝΟΥ,ΧΡΙΣΤΙΝΑ,chrisinou@yahoo.gr
ΚΟΝΤΑΞΗ,ΧΡΥΣΑΝΘΗ,chriskontaxi@yahoo.ca
ΝΤΟΥΝΙΑ,ΧΡΙΣΤΙΝΑ,christinadounia@gmail.com
ΓΟΥΣΗΣ,ΧΡΗΣΤΟΣ,christosgousis@yahoo.gr
ΒΛΑΧΟΓΙΑΝΝΗΣ,ΧΡΗΣΤΟΣ,christosvoo@gmail.com
ΜΑΥΡΟΜΙΧΕΛΑΚΗ,ΧΡΥΣΟΥΛΑ,chrysoula.mavromichelaki@gr.nestle.com
ΣΤΑΜΟΥΛΗ,ΧΡΙΣΤΙΝΑ,chstamouli@hotmail.com
ΛΑΖΟΣ,ΧΡΗΣΤΟΣ,clazos22@gmail.com
ΓΕΩΡΓΟΠΟΥΛΟΥ-ΡΕΝΤΖΕΠΗ,ΚΛΕΟΠΑΤΡΑ,cleopatra.rentzepis@yahoo.com
ΠΑΠΑΔΟΛΙΑΣ,ΠΑΝΑΓΙΩΤΗΣ,coachpanos@gmail.com
ΔΙΚΑΙΟΣ,ΚΩΝ/ΝΟΣ,con@dikeosanddikeos.com.au
ΓΕΩΡΓΙΟΥ,ΚΩΝ/ΝΑ,constantina.g@amongtheants.gr
ΑΠΟΣΤΟΛΙΔΗΣ,ΓΕΩΡΓΙΟΣ,consult@otenet.gr
ΚΟΡΟΒΕΣΗ,ΔΗΜΗΤΡΑ-ΑΛΙΣ,corovessi@hellenic-property.com
ΠΕΤΡΟΠΟΥΛΟΣ,ΚΩΝ/ΝΟΣ,costasp@petropoulos.com
ΠΕΝΗΤΑΣ,ΧΡΗΣΤΟΣ,cpenitas@ote.gr
ΠΙΛΑΛΗΣ,ΧΡΗΣΤΟΣ,cpilalis@gmail.com
ΠΑΠΑΘΑΝΑΣΙΟΥ,ΘΕΟΔΩΡΑ,d_papath@yahoo.com
ΒΟΛΑΚΟΣ,ΜΑΡΚΟΣ,d.gythiou@kep.gov.gr
ΚΑΤΣΙΚΕΑΣ,ΔΗΜΗΤΡΙΟΣ,d.katsikeas@gmail.com
ΠΑΠΑΔΟΠΟΥΛΟΥ,ΔΑΦΝΗ,dafni.papadopoulou@gmail.com
ΝΑΣΤΟΥ,ΔΑΝΑΗ,danainastou@gmail.com
MARTIN,ΔΑΦΝΗ,daphne.martin@yale.edv
ΑΒΔΕΛΙΔΗΣ,ΔΗΜΗΤΡΙΟΣ,davdelidis@yahoo.gr
ΜΠΑΜΠΑΝΗΣ,ΔΗΜΗΤΡΙΟΣ,dbabanis@gmail.com
ΔΑΝΟΧΡΗΣΤΟΥ,ΘΕΟΔΩΡΑ,ddanochristou@gmail.com
ΜΠΟΥΚΑΣ,ΙΩΑΝΝΗΣ,ddodoni@otenet.gr
ΑΘΑΝΑΣΟΥΛΗΣ,ΔΗΜΗΤΡΙΟΣ,demetrios.athanasoulis@otenet.gr
ΠΑΠΑΚΩΣΤΑ,ΔΗΜΗΤΡΑ,demi.papakosta@gmail.com
ΒΕΖΥΡΟΥΛΗ,ΔΗΜΗΤΡΑ,demi@vernicos.gr
ΒΑΞΕΒΑΝΙΔΗ,ΔΕΣΠΟΙΝΑ,des.vanidi@gmail.com
ΓΙΑΝΝΑΡΗ,ΔΕΣΠΟΙΝΑ,despinagiannari@gmail.com
ΤΕΛΛΗ,ΔΕΣΠΟΙΝΑ,despinatelli@yahoo.gr
ΒΑΣΙΛΕΙΟΥ,ΔΕΣΠΟΙΝΑ,despinavas15@gmail.com
ΒΕΤΤΑ,ΝΑΝΑ,despoina.vetta@gmail.com
ΕΥΓΕΝΙΔΟΥ,ΔΕΣΠΟΙΝΑ,despoinaevge@gmail.com
ΒΑΓΕΝΑ,ΑΝΝΑ,diadromi@otenet.gr
ΛΑΧΑΝΑ,ΣΤΑΥΡΟΥΛΑ,diaha@teemail.gr
ΓΟΥΝΑΡΗΣ,ΔΙΑΓΓΕΛΟΣ,diangel5@otenet.gr
ΔΗΜΟΥ,ΕΛΕΝΗ,dielen20@yahoo.gr
ΔΗΓΟΝΗ,ΜΥΡΤΩ-ΚΛΕΟΠΑΤΡΑ,digoni.myrto@mfa.gr
ΔΗΜΑΚΗΣ,ΠΑΝΑΓΙΩΤΗΣ,dimackispan@gmail.com
ΜΠΟΥΡΗΣ,ΒΑΣΙΛΕΙΟΣ,dimarxos.argous@gmail.com
ΔΙΟΝΥΣΟΠΟΥΛΟΣ,ΔΗΜΗΤΡΙΟΣ,dimdion@otenet.gr
ΜΠΑΪΚΟΥΣΗ,ΔΗΜΗΤΡΑ,dimitra_baikoussi@hotmail.com
ΔΗΜΗΤΡΑΚΑΚΗ,ΜΑΡΙΑ,dimitrakakim@yahoo.com
ΠΑΠΑΘΑΝΑΣΙΟΥ,ΔΗΜΗΤΡΑ,dimitrameg03@hotmail.com
ΜΠΟΥΡΝΑΚΑΣ,ΔΗΜΗΤΡΙΟΣ,dimitris-bournakas@hotmail.com
ΡΑΨΩΜΑΤΙΩΤΗΣ,ΔΗΜΗΤΡΙΟΣ,dimitris@rap-sa.gr
ΝΙΚΟΛΑΟΥ,ΔΗΜΗΤΡΙΟΣ,dimnikolaoy@windowslive.com
ΤΟΛΙΟΣ,ΔΙΟΜΗΔΗΣ,diomidisrep@gmail.com
ΓΟΥΣΕΤΗΣ,ΔΙΟΝΥΣΙΟΣ,diongus@otenet.gr
ΑΛΜΥΡΑ,ΔΙΟΝΥΣΙΑ,dionissia@windowslive.com
ΚΑΛΟΓΕΡΑΣ,ΔΙΟΝΥΣΙΟΣ,dionkaloger@yahoo.gr
ΜΟΥΡΑΤΙΔΗΣ,ΔΙΟΝΥΣΙΟΣ,Dionysis89@hotmail.com
ΚΩΣΤΑΚΗ,ΑΦΡΟΔΙΤΗ,ditakost@yahoo.gr
ΚΑΛΟΔΟΥΚΑ,ΔΕΣΠΟΙΝΑ,dkalodouka@hotmail.com
ΚΑΛΟΥΔΙΩΤΗΣ,ΔΗΜΗΤΡΙΟΣ,dkaloudiotis@yahoo.gr
ΚΑΟΥΣΙΑ,ΚΩΝ/ΝΑ,dkaousia@yahoo.gr
ΚΑΡΒΟΥΝΤΖΗΣ,ΔΗΜΗΤΡΙΟΣ,dkarvountzis@gmail.com
ΚΟΝΙΣΤΗΣ,ΔΗΜΗΤΡΙΟΣ,dkon78@hotmail.com
ΜΑΤΣΑΣ,ΔΗΜΗΤΡΙΟΣ,dmatsas@hol.gr
ΜΑΣΤΕΛΛΟΣ,ΕΥΑΓΓΕΛΟΣ,domores@otenet.gr
ΝΤΩΝΑ-ΤΣΙΝΑ,ΠΑΝΑΓΙΩΤΑ,donatsi@yahoo.com
ΚΥΡΙΑΚΟΥ-ΖΑΦΕΙΡΟΠΟΥΛΟΥ,ΘΕΟΔΩΡΑ,dora_kyriakou@hotmail.com
ΛΙΑΛΗ,ΘΕΟΔΩΡΑ,doraliali@yahoo.gr
ΑΛΕΥΡΑ,ΘΕΟΔΩΡΑ,dorina_82@hotmail.com
ΝΤΟΡΙΖΑ,ΣΟΦΙΑ,dorizabeky@yahoo.gr
ΛΙΟΝΤΟΣ,ΓΕΩΡΓΙΟΣ,doy@culture.gr
ΠΑΥΛΟΠΟΥΛΟΥ,ΔΕΣΠΟΙΝΑ,dpavl@yahoo.gr
ΔΡΑΜΠΑΖΗ,ΣΤΕΡΓΙΑΝΗ,drampste@yahoo.gr
ΔΡΙΒΑΣ,ΓΕΩΡΓΙΟΣ,drivas@mail.com
ΔΡΟΥΓΟΥ,ΣΤΥΛΙΑΝΗ,drougou@hist.auth.gr
ΣΑΜΠΑΤΑΚΟΥ,ΔΕΣΠΟΙΝΑ-ΒΑΣΙΛΙΚΗ,dsampatakou@gmail.com
ΣΚΑΛΗ,ΔΩΡΑ,dskalis@yahoo.gr
ΤΣΙΡΟΥ,ΔΙΟΝΥΣΙΑ,dtsirou@otenet.gr
ΒΑΝΙΚΙΩΤΗ,ΔΗΜΗΤΡΑ,dvanikioti@yahoo.gr
ΒΕΤΟΥΛΑ,ΔΑΝΑΗ,dvetoula31@yahoo.com
ΣΧΟΙΝΑΡΑΚΗ,ΕΥΑΓΓΕΛΙΑ,e.shinaraki@gmail.com
ΑΛΜΠΑΝΗΣ,ΕΥΑΓΓΕΛΟΣ,ealmpanis@gmail.com
ΚΑΛΤΣΑΣ,ΝΙΚΟΛΑΟΣ,eam@culture.gr
ΠΑΠΑΔΟΠΟΥΛΟΥ,ΕΥΑΓΓΕΛΙΑ,eapapadopoulou@hotmail.com
ΔΕΙΝΑΚΗ,ΕΛΕΝΗ,edeinaki@mou.gr
ΤΖΙΓΚΟΥΝΑΚΗ,ΑΝΑΣΤΑΣΙΑ,efareth@culture.gr
ΚΕΦΑΛΑΚΗ,ΦΩΤΕΙΝΗ (ΕΦΗ),efi100585@yahoo.gr
ΞΑΝΘΑΚΗ,ΕΥΦΡΟΣΥΝΗ,efixanthaki@yahoo.com
ΚΑΡΑΧΡΗΣΤΟΣ,ΕΥΘΥΜΙΟΣ,efka@otenet.gr
ΝΑΝΟΥ,ΕΦΗ,efnanou@gmail.com
ΓΑΛΑΝΟΥ - ΜΠΟΥΦΙΔΗ,ΕΙΡΗΝΗ,eirgalanou@gmail.com
ΚΟΛΟΒΕΤΣΙΟΥ,ΕΙΡΗΝΗ-ΑΛΕΞΑΝΔΡΑ,eirinikolovetsiou@gmail.com
ΣΑΠΚΑ,ΕΙΡΗΝΗ-ΔΑΦΝΗ,eirinisapka@gmail.com
ΚΟΤΖΙΑ,ΕΛΙΣΑΒΕΤ,ekotzia10@gmail.com
ΔΕΛΗΓΙΑΝΝΗ,ΕΛΕΝΗ-ΟΛΓΑ,eldel@polytroponarchitects.gr
ΔΟΥΝΔΟΥΛΑΚΗ,ΕΛΕΝΗ,eledou@hotmail.com
ΓΚΟΥΒΕΛΟΥ,ΕΛΕΝΗ,elen_gouv_87@hotmail.com
ΕΞΑΡΧΟΥ,ΑΘΑΝΑΣΙΑ-ΕΛΕΝΑ,elena@intrasoft-intl.com
ΑΓΓΕΛΟΠΟΥΛΟΥ,ΕΛΕΝΗ,elena4905@yahoo.gr
ΔΗΜΗΤΡΑΚΗ,ΕΛΕΝΗ,elenadimitraki@hotmail.com
ΑΝΘΗ,ΕΛΕΝΗ,elenanthi66@gmail.com
ΕΥΑΓΓΕΛΟΥ,ΕΛΕΝΗ,eleneva20@gmail.com
ΡΟΥΣΣΟΥ,ΕΛΕΝΗ,eleni_rous@hotmail.com
ΚΟΥΒΕΛΙΩΤΟΥ,ΕΛΕΝΗ,eleni.kouveliotou@gmail.com
ΛΙΝΑΚΗ,ΕΛΕΝΗ,eleni.velonaki@gmail.com
ΠΑΠΑΔΟΠΟΥΛΟΥ,ΕΛΕΝΗ,eleni1939@gmail.com
ΚΑΝΕΛΛΟΠΟΥΛΟΥ,ΕΛΕΝΗ - ΑΓΓ,elenikanellopoulou.gr@gmail.com
ΚΑΡΑΖΟΥΠΗ,ΕΛΕΝΗ,elenikaraz@yahoo.gr
ΚΕΛΕΣΗ,ΕΛΕΝΗ,elenikelesi@yahoo.gr
ΚΟΝΙΑΡΗ-ΖΟΥΠΗ,ΕΛΕΝΗ,elenikoniari@gmail.com
ΚΩΣΤΑΚΟΥ,ΕΛΕΝΗ,elenikostakou@gmail.com
ΛΟΪΖΟΥ,ΕΛΕΝΗ,eleniloizos@yahoo.com
ΠΑΠΑΖΟΓΛΟΥ,ΕΛΕΝΗ,elenipa@thea.auth.gr
ΚΩΝΣΤΑΝΤΑΚΗ,ΕΛΕΝΗ,elenisiska@gmail.com
ΒΛΑΧΟΥ-ΓΑΚΗ,ΕΛΕΝΗ,elenivlaxou@windowslive.com
ΓΙΑΝΝΑΚΑΚΗΣ,ΗΛΙΑΣ,eliasgiannakakis@hotmail.com
ΚΑΡΑΝΤΩΝΗ,ΕΛΕΝΗ,elkaranto@gmail.com
ΜΑΛΛΙΟΥ,ΕΛΕΩΝΟΡΑ,elmalliou@gmail.com
ΔΙΔΑΣΚΑΛΟΥ,ΕΛΕΝΗ,elpap29@yahoo.gr
ΠΑΠΑΛΑΜΠΙΔΗΣ,ΕΛΕΥΘΕΡΙΟΣ,elpapalampidis@gmail.com
ΒΙΝΤΖΗΛΑΙΟΥ,ΕΛΙΣΑΒΕΤ,elvintz@central.ntua.gr
ΜΙΜΙΔΟΥ,ΕΥΑΓΓΕΛΙΑ,emimidou@gmail.com
ΚΟΛΟΚΥΘΑΣ,ΕΜΜΑΝΟΥΗΛ,emmanbox@hotmail.gr / emmanbox@teemail.gr
ΚΑΡΑΖΟΥΠΗΣ,ΧΡΗΣΤΟΣ,endrasei2005@gmail.com
ΝΟΜΙΚΟΥ,ΕΛΕΝΗ,enomikou@gmail.com
ΠΑΝΤΕΡΜΑΛΗ,ΕΥΑΓΓΕΛΙΑ,epantermali@gmail.com
ΠΡΕΖΑ,ΕΛΙΣΑΒΕΤ,epreza@mou.gr
ΚΑΝΙΝΙΑ,ΕΡΙΦΥΛΗ,erifilikaninia@gmail.com
ΣΑΛΤΑΓΙΑΝΝΗ,ΕΛΠΙΔΑ,esaltagianni@yahoo.gr
ΣΗΜΑΝΔΡΑΚΟΣ,ΕΥΑΓΓΕΛΟΣ,esimandrakos@gmail.com
ΣΚΕΝΔΡΟΥ,ΕΛΛΗ,eskendrou@gmail.com
ΚΩΤΣΗ,ΕΥΑΝΘΙΑ,evanthiakotsi@gmail.com
ΠΟΥΛΟΠΟΥΛΟΥ,ΕΥΑ,evapoulopoulou@gmail.com
ΤΣΑΚΙΡΗ,ΕΥΑΝΘΙΑ,evatsakiri@hotmail.gr
ΛΙΟΣΑΤΟΥ,ΕΒΙΝΑ,evinaliosatou@gmail.com
ΜΥΤΙΛΗΝΑΙΟΣ,ΕΥΑΓΓΕΛΟΣ,evmytilinaios@yahoo.gr
ΒΟΥΒΑΚΗΣ,ΕΜΜΑΝΟΥΗΛ,evouvak@radiant.gr
ΑΓΓΕΛΙΔΗΣ,ΓΕΩΡΓΙΟΣ,evrodomh@otenet.gr
ΚΟΝΤΟΥ,ΕΥΓΕΝΙΑ,evy8042@yahoo.gr
ΖΑΦΕΙΡΗΣ,ΕΥΑΓΓΕΛΟΣ,evzafiris@gmail.com
ΞΑΡΧΑΚΟΥ,ΣΤΑΥΡΟΥΛΑ,exarhakou@yahoo.gr
ΜΟΥΔΟΠΟΥΛΟΣ,ΦΑΙΔΩΝ,faidonmoudopoulos@outlook.com
ΜΑΤΣΙΝΟΠΟΥΛΟΥ,ΦΩΤΕΙΝΗ,fannymats@yahoo.gr
ΘΕΟΔΩΡΟΥ,ΦΩΚΙΩΝ-ΓΕΩΡΓΙΟΣ,fcgroup@otenet.gr
ΡΟΥΓΚΟΥΝΗ,ΦΩΤΕΙΝΗ (ΦΕΝΙΑ),feniaverdi@gmail.com
ΣΟΦΙΑΝΟΣ,ΦΙΛΙΠΠΟΣ,filippo4@otenet.gr
ΙΩΑΝΝΟΥ,ΣΤΑΥΡΟΣ,filmode@otenet.gr
ΣΩΜΑΤΕΙΟ ΦΙΛΟΙ ΜΟΥΣΕΙΟΥ,ΒΥΖΑΝΤΙΝΟΥ ΠΟΛΙΤΙΣΜΟΥ,filoi@mbp.gr
ΑΡΓΥΡΟΠΟΥΛΟΣ,ΦΟΙΒΟΣ - ΑΘΑΝΑΣΙΟΣ,fivosarg@gmail.com
ΛΕΓΑΚΗ,ΦΟΙΒΗ,flegaki@hellafarm.gr
ΚΑΚΛΑΜΑΝΗ,ΦΛΩΡΑ,florakaklamani@gmail.com
ΜΠΑΚΟΥΡΑΣ,ΞΕΝΟΦΩΝ,fon_ael@yahoo.com
ΒΛΑΧΟΠΟΥΛΟΣ,ΣΤΑΥΡΟΣ,fovlahop@agr.uth.gr
ΗΝΚΟΣ,ΙΩΑΝΝΗΣ,fuzzynoise@gmail.com
ΓΕΜΕΝΕΤΖΗ,ΚΥΡΙΑΚΗ (ΡΙΚΑ),g_rika86@hotmail.com
ΤΑΞΙΑΡΧΟΠΟΥΛΟΣ,ΓΕΩΡΓΙΟΣ,g_taksi@yahoo.com
ΑΠΟΣΤΟΛΑΚΟΣ,ΓΕΩΡΓΙΟΣ,g.apostolakos@yahoo.gr
ΓΚΟΝΟΥ,ΓΕΩΡΓΙΑ,g.gonou@eetaa.gr
ΚΟΒΑΝΗ,ΓΕΩΡΓΙΑ,g.kovani61@gmail.com
ΠΑΠΑΝΑΣΤΑΣΟΠΟΥΛΟΥ,ΠΑΝΑΓΙΩΤΑ,g.papanastasopoulou@gmail.com
ΓΑΒΡΙΗΛΙΔΗΣ,ΑΝΤΩΝΙΟΣ,gabrielidesantonis@gmail.com
ΓΚΑΙΦΥΛΛΙΑΣ,ΑΘΑΝΑΣΙΟΣ,gaifilia@otenet.gr
ΡΑΠΠΟΥ,ΓΑΛΑΤΕΙΑ,galatiarap@gmail.com
ΡΑΠΤΟΥ,ΓΑΛΑΤΕΙΑ,galatiarap@gmail.com
ΑΡΤΕΜΑΚΗΣ,ΓΕΩΡΓΙΟΣ,gartemakis@gmail.com
ΜΠΛΙΩΝΗΣ,ΓΕΩΡΓΙΟΣ,gblionis@gmail.com
ΓΕΜΕΝΗ,ΚΑΛΛΗ,gemeni_kalli@hotmail.com
ΓΕΩΡΓΟΥΛΑΣ,ΚΩΝ/ΝΟΣ,georcos3@gmail.com
ΓΕΩΡΓΑΣ,ΑΘΑΝΑΣΙΟΣ,georgaat@otenet.gr
ΓΕΩΡΓΑ,ΒΑΣΙΛΙΚΗ,georgav@titan.gr
ΑΝΤΩΝΙΑΔΗΣ,ΓΕΩΡΓΙΟΣ,george_66541@hotmail.com
ΤΣΑΖΗ,ΓΕΩΡΓΙΑ,georgia_tsa@yahoo.gr
ΚΟΤΣΑΡΗ,ΓΕΩΡΓΙΑ,georgia.kotsari@gmail.com
ΘΕΟΔΩΡΟΠΟΥΛΟΥ,ΓΕΩΡΓΙΑ,georgiag121@yahoo.com
ΛΑΛΗ,ΓΕΩΡΓΙΑ,georgialalis@gmail.com
ΓΕΩΡΓΙΟΠΟΥΛΟΥ,ΔΗΜΗΤΡΑ,georgiopod@gmail.com
ΤΑΣΙΟΥΛΗΣ,ΓΕΩΡΓΙΟΣ,georgios.tasioulis@gmail.com
ΤΑΣΙΟΥΛΗΣ,ΓΕΩΡΓΙΟΣ,georgios.tasioulis@gmail.com
ΓΕΩΡΓΟΠΟΥΛΟΥ,ΙΩΑΝΝΑ,georgopoulou_ioanna@hotmail.com
ΓΙΑΞΟΓΛΟΥ,ΓΕΩΡΓΙΟΣ,ggiaxo@yahoo.gr
ΖΓΟΥΛΕΤΑ,ΓΙΑΝΝΟΥΛΑ,gianna_z@hotmail.com
ΓΙΑΝΝΙΚΟΥ,ΠΑΡΑΣΚΕΥΗ,giannikou_paraskevi@hotmail.com
ΠΕΡΑΚΗΣ,ΙΩΑΝΝΗΣ,giannis_perakis@yahoo.gr
ΜΑΡΙΟΛΗΣ,ΙΩΑΝΝΗΣ,giannis-mariolis@hotmail.com
ΔΗΜΟΥΤΣΟΣ,ΙΩΑΝΝΗΣ,giannisdenator@gmail.com
ΜΑΡΝΕΛΗΣ,ΙΩΑΝΝΗΣ,giannismarnelis@msn.com
ΓΙΑΝΝΟΠΟΥΛΟΥ,ΜΑΡΓΑΡΙΤΑ,gianoupo@otenet.gr
ΔΑΜΟΥΛΑΚΗΣ,ΓΕΡΑΣΙΜΟΣ,giorgada@otenet.gr
ΓΑΖΗ,ΠΑΝΑΓΙΩΤΑ,giotagazi@hotmail.com
ΖΙΡΩ,ΔΗΜΟΣΘΕΝΗΣ,giraud.dimosthenis@gmail.com
ΓΚΛΙΝΑΒΟΣ,ΣΤΥΛΙΑΝΟΣ-ΘΕΟΔΩΡΟΣ,gklinavosstylianos@gmail.com
ΚΟΛΛΙΑΣ,ΓΕΩΡΓΙΟΣ,gkoll@tee.gr
ΚΟΥΤΣΑΝΤΩΝΗΣ,ΙΩΑΝΝΗΣ,gkoutsantonis2012@gmail.com
ΓΚΛΙΝΑΒΟΣ,ΕΛΕΥΘΕΡΙΟΣ,glinav4@gmail.com
ΜΑΤΘΑΙΟΥ,ΓΕΩΡΓΙΟΣ,gm@gmatthaiou.gr
ΜΟΥΤΕΒΕΛΗΣ,ΓΕΩΡΓΙΟΣ,gmoutevelis@yahoo.gr
ΓΚΟΛΙΑ,ΧΑΙΔΩ,golia_ha@yahoo.gr
ΓΚΟΜΟΖΙΑΣ,ΔΗΜΗΤΡΙΟΣ,gomozias@ath.forthnet.gr
ΣΠΕΗ,ΛΙΛΙΑΝ,goulilian@gmail.com
ΟΡΕΣΤΙΔΗΣ,ΓΟΥΛΙΕΛΜΟΣ,gouores@yahoo.com
ΑΡΧΟΝΤΑΚΗΣ,ΓΡΗΓΟΡΙΟΣ,gregoro1965@gmail.com
ΡΗΓΙΝΟΣ,ΓΕΩΡΓΙΟΣ,griginos@culture.gr
ΠΡΩΤΟΛΑΤΗ,ΓΡΗΓΟΡΙΑ,grigoriaprotolati@gmail.com
ΠΑΠΑΧΡΗΣΤΟΣ,ΓΡΗΓΟΡΙΟΣ,grigoris papachristos@gmail.com
ΣΚΕΠΑΘΙΑΝΟΣ,ΓΕΩΡΓΙΟΣ,gskepathianos@hotmail.gr
ΤΟΥΛΟΥΜΑΚΟΣ,ΓΕΩΡΓΙΟΣ,gtouloumakos@yahoo.com
ΤΣΟΚΑΣ,ΓΡΗΓΟΡΙΟΣ,gtsokas@geo.auth.gr
ΤΖΙΝΙΕΡΗΣ,ΓΕΩΡΓΙΟΣ,gtz@teiath.gr
ΒΑΛΣΑΜΑΚΗΣ,ΓΕΩΡΓΙΟΣ,gvals@outlook.com.gr
ΒΑΣΙΛΕΙΑΔΗΣ,ΙΩΑΝΝΗΣ,gvassiliadis@gmail.com
ΕΥΤΑΞΙΟΠΟΥΛΟΣ,ΧΑΡΙΛΑΟΣ,harrisgnr@hotmail.com
ΑΝΔΟΝΟΒΑ,ΜΗΛΑ,hekasatae@yahoo.com
ΛΙΟΛΙΟΥ,ΕΛΕΝΗ,helenilioliou@gmail.com
ΑΜΥΡΑΣ,ΓΕΩΡΓΙΟΣ,hellasamiras@gmail.com
ΠΙΤΤΑΚΟΥ,ΕΛΕΝΗ,helpappas@gmail.com
ΑΓΙΟΒΛΑΣΙΤΗΣ,ΗΡΑΚΛΗΣ-ΠΑΝΑΓΙΩΤΗΣ,herc.agio@gmail.com
ΔΙΟΝΥΣΙΑΔΟΥ,ΧΡΥΣΑ,home@nnet.gr
ΔΙΟΝΥΣΙΑΔΗΣ,ΙΩΑΝΝΗΣ,home@unet.gr
ΠΕΤΡΙΔΗ,ΕΛΕΝΗ,hpetridi@yahoo.gr
ΜΠΙΤΖΙΟΣ,ΙΩΑΝΝΗΣ,i.bitzios@gmx.net
Η ΑΡΧΑΙΑ ΜΕΣΣΗΝΗ,ΠΟΛΙΤΙΣΤ. ΣΥΛΛΟΓΟΣ,i.georgakopoulou@yahoo.gr
ΓΕΩΡΓΙΖΑΣ,ΙΩΑΝΝΗΣ,igeorgizas@mou.gr
ΓΡΑΤΣΙΑ,ΕΙΡΗΝΗ,igratsia@otenet.gr
ΖΙΩΓΑ,ΗΛΙΑΝΝΑ,iliana_zioga@hotmail.com
ΗΛΙΟΠΟΥΛΟΣ,ΓΕΩΡΓΙΟΣ,iliopoulos_george@hotmail.com
ΗΛΙΟΠΟΥΛΟΥ,ΦΙΛΙΩ,iliopoulou.filio@gmail.com
ΤΣΙΡΙΓΩΤΗ,ΙΛΟΝΑ,ilona.tsirigoti@gmail.com
ΝΕΣΤΟΡΟΣ,ΙΩΑΝΝΗΣ,info@amphiaraia.com
ΜΠΙΛΙΑΣ,ΑΝΑΣΤΑΣΙΟΣ,info@billias-travel-service.gr
ΔΡΑΚΟΣ,ΔΗΜΗΤΡΙΟΣ,info@ddrakos.gr
ΔΕΓΛΕΡΗΣ,ΠΑΝΑΓΙΩΤΗΣ,info@degleris.gr
ΕΛΛΗΝΙΚΗ ΣΥΜΦΩΝΙΚΗ,ΟΡΧΗΣΤΡΑ ΝΕΩΝ,info@dionysisgrammenos.com
ΕΥΓΕΝΙΚΟΣ,ΓΕΩΡΓΙΟΣ,info@e-mythos.eu
ΚΡΙΤΣΩΝΗΣ,ΚΩΝ/ΝΟΣ (ΚΩΣΤΗΣ),info@ebocat.gr
ΠΕΤΣΗΣ,ΗΛΙΑΣ,info@iliaspetsis.gr
ΝΙΚΟΛΟΠΟΥΛΟΣ,ΣΤΑΥΡΟΣ,info@infopro.gr
ΚΑΝΑΒΑΚΗΣ,ΓΕΩΡΓΙΟΣ,info@kanavakis.gr
ΚΟΜΠΟΤΗ,ΕΛΕΝΗ,info@koby1.gr
ΠΝΕΥΜΑΤΙΚΟΣ,ΑΛΕΞΑΝΔΡΟΣ,info@korinthos.gr
ΛΟΥΚΑΚΗΣ,ΠΑΥΛΟΣ,info@luxuryvillaslefkada.gr
ΜΠΟΥΡΑΣ,ΠΑΝΑΓΙΩΤΗΣ,info@megalopoli.gr
ΛΥΜΤΣΙΟΥΛΗΣ,ΙΩΑΝΝΗΣ,info@melodrakma.com
ΚΑΛΟΓΕΡΟΠΟΥΛΟΣ,ΓΕΩΡΓΙΟΣ,info@mfi.gr
ΚΡΕΜΕΖΗΣ,ΠΑΥΛΟΣ,info@omete.gr
ΠΑΠΑΕΥΣΤΑΘΙΟΥ,ΒΑΣΙΛΕΙΟΣ,info@papaefstathiou.gr
ΚΟΥΓΙΟΥΜΤΖΗΣ,ΠΑΥΛΟΣ,info@pavlosangelos.art
ΒΑΛΛΙΑΝΟΥ,ΒΑΝΗΣ,info@santoriniartsfactory.gr
ΤΗΛΕΛΗΣ,ΓΕΩΡΓΙΟΣ,info@simansi.gr
ΠΟΛΥΖΩΓΟΠΟΥΛΟΥ,ΒΑΣΙΛΙΚΗ (ΜΠΕΣΣΥ),info@sparta-events.gr
ΘΕΑΤΡΙΚΗ ΟΜΑΔΑ,ΤΡΙΠΟΛΗΣ,info@thomtrip.gr
ΤΡΙΦΥΛΛΙΑΚΟ,ΘΕΑΤΡΟ,ioanalexan@sch.gr
ΑΡΓΥΡΟΠΟΥΛΟΣ,ΙΩΑΝΝΗΣ,ioannis_argyropoulos@yahoo.gr
ΘΕΟΔΩΡΙΔΗΣ,ΙΩΑΝΝΗΣ,ioannis.theodoridis@gmail.com
ΘΕΟΔΩΡΟΠΟΥΛΟΥ,ΙΩΑΝΝΑ,ioanntheo@gmail.com
ΡΗΓΑ,ΙΩΑΝΝΑ,ioriga@gmail.com
ΑΡΧΟΝΤΑΚΗ,ΕΙΡΗΝΗ,irenearchon@yahoo.gr
ΓΙΑΚΙΝΤΖΗ,ΕΙΡΗΝΗ,irinigiakintzi@yahoo.gr
ΠΑΠΑΔΟΠΟΥΛΟΥ,ΙΡΙΣ,iris.a.papadopoulou@gmail.com
ΓΕΡΟΥΛΑΝΟΣ,ΠΑΥΛΟΣ,iroussou@yeroulanos.gr
ΚΩΝΣΤΑΝΤΟΠΟΥΛΟΥ,ΙΣΜΗΝΗ,ismini_64@yahoo.com
ΣΩΚΟΥ,ΙΣΜΗΝΗ-ΔΗΜΗΤΡΑ,isminisokou@yahoo.com
ΣΠΙΛΑΝΗΣ,ΙΩΑΝΝΗΣ,ispil@aegean.gr
ΓΕΩΡΓΑΚΟΠΟΥΛΟΣ,ΚΩΝ/ΝΟΣ,ithomes1@otenet.gr
ΚΑΣΣΙΜΗ,ΙΩΑΝΝΑ,iwankassimi@yahoo.com
ΙΩΑΝΝΙΔΗΣ,ΝΕΣΤΩΡ,ixnestor@teiath.gr
ΠΟΥΛΙΟΣ,ΙΩΑΝΝΗΣ,jannispoulios@hotmail.com
ΚΟΓΙΕΒΙΝΑ,ΤΖΕΝΗ,jennykats2002@yahoo.gr
ΚΥΡΙΤΣΗ,ΕΥΓΕΝΙΑ,jennykyr7@gmail.com
ΔΑΒΟΣ,ΔΗΜΗΤΡΙΟΣ,jimdavos@hotmail.com
ΝΤΑΒΟΣ,ΔΗΜΗΤΡΗΣ,jimdavos@hotmail.com
ΚΥΡΙΑΖΟΓΛΟΥ,ΙΩΑΝΝΗΣ,jkyriazoglou@hotmail.com
ΠΟΛΥΧΡΟΝΑΤΟΥ,ΙΩΑΝΝΑ,joannapolu@yahoo.gr
ΑΔΑΜΙΔΟΥ,ΙΩΑΝΝΑ,joanne_adamidou@yahoo.co.uk
ΝΑΚΗ,ΙΟΥΛΙΑ,julinaki@hotmail.gr
ΛΑΖΑΡΙΔΟΥ,ΙΟΥΛΙΑ,juliouslazari@hotmail.com
ΖΑΦΕΙΡΟΠΟΥΛΟΥ,ΑΙΚΑΤΕΡΙΝΗ,k_zafiropoulou@yahoo.gr
ΚΑΠΟΓΙΑΝΝΟΠΟΥΛΟΣ,ΒΑΣΙΛΕΙΟΣ,k.gianno@hotmail.com
ΠΑΠΑΒΑΣΙΛΕΙΟΥ,ΚΩΝ/ΝΑ,k.papavasileiou@gmail.com
ΖΙΑΚΡΗΣ,ΚΩΝ/ΝΟΣ,k1ziakris@yahoo.gr
ΚΑΛΑΪΤΖΗ,ΚΑΣΣΙΑΝΗ,kalaitzi_k@yahoo.gr
ΚΑΛΑΠΟΔΑ/ΒΕΡΓΟΠΟΥΛΟΥ,ΜΑΡΙΑ,kalapoda.m@gmail.com
ΤΣΑΠΕ,ΚΑΛΛΙΟΠΗ,kalliopi.tsape@gmail.com
ΠΡΕΚΑ,ΚΑΛΛΙΟΠΗ,kalliopipreka@gmail.com
ΜΑΝΙΑΤΗΣ,ΚΑΛΛΙΚΡΑΤΗΣ,kalmaniatis@yahoo.gr
ΚΟΠΑΝΙΤΣΑ,ΚΑΛΛΙΟΠΗ,kalmarkop@gmail.com
ΒΟΖΙΚΗ,ΚΑΛΥΨΩ,kalypsovoziki@gmail.com
ΚΑΜΑΡΙΝΟΥ,ΔΗΜΗΤΡΑ,kamarinou@gmail.com
ΟΙΚΟΝΟΜΑΚΗ,ΚΑΝΕΛΑ,kanela.oikon@gmail.com
ΚΑΝΕΛΛΟΠΟΥΛΟΣ,ΒΑΣΙΛΕΙΟΣ,kanellbil@gmail.com
ΚΑΝΤΩΡΟΣ,ΙΩΑΝΝΗΣ,kantorosi@interamerican.gr
ΠΑΠΠΑ,ΑΙΚΑΤΕΡΙΝΗ,kapa313@yahoo.gr
ΚΑΡΑΜΠΕΛΑ,ΕΛΕΝΗ,karambela@gmail.com
ΚΑΡΑΝΤΙΝΙΝΗΣ,ΚΩΝ/ΝΟΣ,karantininis.konstantinos@slu.se
ΚΑΡΟΥΤΣΟΣ,ΝΙΚΟΛΑΟΣ,karoutsosn@outlook.com
ΑΣΛΑΝΙΔΗΣ,ΚΛΗΜΗΣ,kaslanidis@yahoo.com
ΑΝΤΑΛΟΠΟΥΛΟΥ,ΑΙΚΑΤΕΡΙΝΗ,kat1790@otenet.gr
ΠΑΠΑΝΔΡΕΟΠΟΥΛΟΥ,ΑΙΚΑΤΕΡΙΝΗ,katep@mnec.gr
ΜΑΡΜΑΡΑ,ΑΙΚΑΤΕΡΙΝΗ,katerina.marmara@triton-am.com
ΜΠΑΡΑΚΑΡΗ-ΓΛΕΝΗ,ΑΙΚΑΤΕΡΙΝΗ,katerinabarakari@gmail.com
ΣΚΑΡΜΟΥΤΣΟΥ,ΑΙΚΑΤΕΡΙΝΗ,katia.skarmoutsou@gmail.com
ΚΟΛΥΔΑ,ΑΙΚΑΤΕΡΙΝΗ,katkol65@yahoo.com
ΚΑΤΣΑΝΙΚΑ-ΣΤΕΦΑΝΟΥ,ΕΛΕΝΗ,katsanika@gmail.com
ΣΕΡΒΗ,ΑΙΚΑΤΕΡΙΝΗ,katservi@gmail.com
ΚΑΒΒΑΔΙΑ,ΔΑΦΝΗ,kavvadiad@gmail.com
ΚΑΖΑΚΟΥ,ΑΡΙΣΤΕΑ,kazakouaristea@gmail.com
ΚΑΖΑΖΗΣ,ΦΩΤΙΟΣ,kazfot@yahoo.gr
ΠΑΠΑΣΤΑΜΟΥ,ΜΑΡΙΑ,kcharalampidis@yahoo.com
ΔΙΑΜΑΝΤΟΣ,ΚΩΝ/ΝΟΣ,kdiamantos@gmail.com
ΔΩΡΗ,ΑΙΚΑΤΕΡΙΝΗ,kdori@ath.forthnet.gr
ΜΑΥΡΟΜΑΤΑΚΗ,ΚΑΛΛΙΟΠΗ,kelly.mavromataki@gmail.com
ΒΛΑΧΟΥ,ΚΥΡΙΑΚΗ,kellyvlachos11850@gmail.com
ΣΤΡΑΤΟΥΔΑΚΗ,ΕΛΛΗ,kestrat@otenet.gr
ΒΑΒΑΛΕΑ,ΑΙΚΑΤΕΡΙΝΗ,ketivavalea@gmail.com
ΓΚΑΦΑΝΗ,ΚΥΡΙΑΚΗ,kgaf@eetaa.gr
ΓΕΩΡΓΟΥΛΑ,ΑΙΚΑΤΕΡΙΝΗ,kgeorgoula@gmail.com
ΓΙΑΝΝΑΚΟΠΟΥΛΟΥ,ΚΩΝ/ΝΑ,kgiannakopoulou@gmail.com
ΓΥΡΤΑΤΟΥ,ΑΙΚΑΤΕΡΙΝΗ,kgyrtatou@hotmail.com
ΚΑΤΣΑΝΟΥ,ΚΥΡΙΑΚΗ,kikikatsanou@gmail.com
ΠΑΠΑΔΟΠΟΥΛΟΣ,ΚΥΡΙΛΛΟΣ,kirilospap@hotmail.com
ΚΙΤΣΟΥ,ΜΑΡΙΑ,kitsoumariacv@gmail.com
ΚΩΤΟΥΛΑ,ΑΝΤΩΝΙΑ,kivelou@yahoo.gr
ΚΟΣΚΙΝΑ,ΚΑΤΕΡΙΝΑ,kkoskina@gmail.com
ΚΟΤΣΑΓΑ,ΚΑΛΛΙΟΠΗ,kkotsaga@gmail.com
ΚΡΕΜΕΖΗ,ΑΙΚΑΤΕΡΙΝΗ (ΚΑΙΤΗ),kkremezi@central.ntua.gr
ΔΙΓΚΑ,ΚΛΕΟΠΑΤΡΑ,kleodig@hotmail.com
ΔΙΑΚΟΜΑΝΩΛΗ,ΚΛΗΜΕΝΤΙΝΗ,Klimentini.DIAKOMANOLI@ec.europa.eu
ΚΛΗΜΗΣ,ΠΑΝΑΓΙΩΤΗΣ,klimis.p@gmail.com
ΖΑΧΟΣ,ΚΩΝ/ΝΟΣ,klzachos@gmail.com
ΜΑΚΡΟΠΟΥΛΟΣ,ΚΩΝ/ΝΟΣ,kmacrop@geol.uoa.gr
ΜΑΝΤΖΑΡΗ,ΑΙΚΑΤΕΡΙΝΗ,kmantzarh@yahoo.gr
ΝΕΔΑΣ,ΚΩΝ/ΝΟΣ,knedas@gmail.com
ΝΤΟΥΡΝΤΟΥΡΕΚΑΣ,ΚΩΝ/ΝΟΣ,kntournt@gmail.com
ΚΟΥΚΙΑΣ,ΔΗΜΗΤΡΙΟΣ,kodi@alter.gr
ΑΡΖΟΓΛΟΥ,ΚΩΝ/ΝΟΣ,konstantinosarzoglou@gmail.com
ΣΥΛΕΟΥΝΗ,ΚΩΝ/ΝΑ,konsyle@gmail.com
ΚΟΝΤΖΙΑΣ,ΙΩΑΝΝΗΣ,kontziasioannis@gmail.com
ΒΟΡΓΙΑΣ,ΚΩΝ/ΝΟΣ,konvorgias@gmail.com
ΚΟΡΔΕΛΛΑ,ΑΛΕΞΑΝΔΡΑ,kordellaa@hotmail.com
ΘΕΟΔΩΡΟΠΟΥΛΟΣ,ΕΥΑΓΓΕΛΟΣ,korso@hol.gr/ artisticdirector@greekfestival.gr
ΚΥΡΙΤΣΗΣ,ΓΕΩΡΓΙΟΣ,kos_mayor@kos.gr
ΔΗΜΟΣ ΚΩ,,kos_meyor@kos.gr
ΚΟΣΜΟΠΟΥΛΟΣ,ΔΗΜΗΤΡΙΟΣ,kosmodim@gmail.com
ΜΟΣΧΟΣ,ΚΩΝ/ΝΟΣ,kostas@iema.gr
ΘΩΜΑΪΔΗΣ - ΧΑΤΖΗΣ,ΚΩΝ/ΝΟΣ,kostas@k.thomaidis.gr
ΚΟΛΙΟΔΕΔΕ,ΑΘΑΝΑΣΙΑ,kostas@k.thomaidis.gr
ΠΑΧΗΣ,ΚΩΝ/ΝΟΣ,kostaspachis@gmail.com
ΠΟΥΛΟΣ,ΚΩΝΣΤΑΝΤΙΝΟΣ,kostaspoulos@gmail.com
ΣΙΜΙΤΣΗΣ,ΚΩΝ/ΝΟΣ,kostis.simitsis@gmail.com
ΝΤΟΥΛΙΑ,ΒΑΣΙΛΙΚΗ,kouakinoulis@hotmail.com
ΚΟΥΓΚΟΓΛΟΥ,ΑΙΚΑΤΕΡΙΝΗ,kougoloy@outlook.com
ΚΟΥΚΟΠΟΥΛΟΥ,ΕΛΕΝΗ,koukopouloue@gmail.com
ΚΟΥΜΠΟΣ,ΑΧΙΛΛΕΑΣ,koumposachilleas@yahoo.gr
ΚΟΥΡΟΥΜΠΑΛΗΣ,ΜΑΡΙΝΟΣ,kousouf@yahoo.gr
ΤΟΚΜΑΚΙΔΗΣ,ΚΩΝ/ΝΟΣ,ktok@auth.gr
ΤΣΑΚΙΡΗΣ,ΚΩΝ/ΝΟΣ,ktsaki@ekke.gr
ΤΣΑΚΩΝΑΣ,ΚΩΝ/ΝΟΣ,ktsakonas@hotmail.com
ΠΕΤΡΑΚΟΥ,ΚΥΡΙΑΚΗ,kypetra@theatre.uoa.gr
ΚΥΡΙΤΣΗ,ΓΕΩΡΓΙΑ,kyritsigeo@gmail.com
ΚΥΡΙΑΚΟΠΟΥΛΟΣ,ΓΕΩΡΓΙΟΣ,kyrkal@otenet.gr
ΖΙΟΥΒΑΣ,ΝΙΚΟΛΑΟΣ,kziouvas@hellafarm.gr
ΖΟΥΠΗΣ,ΚΩΝ/ΝΟΣ,kzoupis@yahoo.gr
ΚΟΥΡΤΙΔΗΣ,ΣΤΕΦΑΝΟΣ,l.kourtidis@gmail.com
ΛΑΓΙΑ,ΑΝΝΑ,lagia@pl-lex.com
ΛΑΪΝΑ,ΜΑΡΙΑ - ΜΕΛΙΝΑ,lainamelina@gmail.com
ΛΑΝΑΡΑ,ΣΟΦΙΑ,lanarasofia@gmail.com
ΛΑΧΑΝΙΩΤΗ,ΚΥΡΙΑΚΗ,laxaniotik@interamerican.gr
ΕΥΘΥΜΙΑΔΟΥ-ΚΑΝΑΒΑΚΗ,ΛΙΑΝΑ,lefthimiadou@teemail.gr
ΣΚΟΥΦΟΥ,ΕΛΕΝΗ,lena.skoufou@gmail.com
ΑΝΔΡΙΟΠΟΥΛΟΣ,ΗΛΙΑΣ,lenaandriopoulou@yahoo.gr
ΠΑΠΑΖΟΓΛΟΥ,ΕΛΕΝΗ,lenapapazoglou@yahoo.gr
ΚΑΡΠΑΘΑΚΗΣ,ΕΜΜΑΝΟΥΗΛ,lexmanos@otenet.gr
ΠΑΠΑΓΕΩΡΓΙΟΥ,ΛΑΖΑΡΟΣ,lgp@rei.gr
ΙΩΑΝΝΙΔΟΥ,ΝΙΚΟΛΙΑ,lia.ioannidou@gmail.com
ΡΟΝΤΟΓΙΑΝΝΗ,ΠΑΣΧΑΛΙΝΑ,liana.deli1995@gmail.com
ΑΛΕΞΑΚΗ-ΚΑΤΣΑΜΠΗ,ΧΑΡΙΚΛΕΙΑ,lilac@otenet.gr
ΠΕΖΑΝΟΥ,ΕΥΘΑΛΙΑ (ΛΙΛΥ),lilipezanou@gmail.com
ΜΙΚΡΟΒΑ,ΒΑΣΙΛΙΚΗ,lillymicrova@gmail.com
ΛΙΝΑΡΔΑΤΟΣ,ΝΙΚΟΛΑΟΣ,linardatosn@yahoo.gr
ΚΟΡΑΚΗ,ΕΥΔΟΚΙΑ,livelul@gmail.com
ΛΙΒΙΕΡΑΤΟΣ,ΕΥΑΓΓΕΛΟΣ,livier@auth.gr
ΡΟΥΜΠΙΕ,ΑΓΓΕΛΙΚΗ,lkmki@yahoo.gr
ΒΕΡΤΣΕΤΗ-ΓΕΩΡΓΙΑΔΗ,ΜΑΡΙΑ,lmariang@yahoo.com
ΜΕΝΔΩΝΗ,ΣΤΥΛΙΑΝΗ (ΛΙΝΑ),lmendoni@gmail.com
ΛΟΓΟΘΕΤΗΣ,ΗΡΑΚΛΗΣ,logothetis@ekethech.gr
ΚΑΤΣΕΛΗ,ΛΟΥΚΙΑ,louka.katseli@gmail.com
ΞΥΔΗ-ΠΑΠΑΝΑΓΙΩΤΟΥ,ΑΝΑΣΤΑΣΙΑ,loukas_xidis@yahoo.gr
ΞΥΔΗΣ,ΓΕΩΡΓΙΟΣ,loukas_xidis@yahoo.gr
ΣΠΑΝΟΣ,ΛΟΥΚΑΣ,loukas.spanos@gmail.com
ΠΟΡΦΥΡΥ,ΛΟΥΙΖΑ,loupo919@gmail.com
ΛΟΥΠΟΥ,ΑΘΗΝΑ-ΧΡΙΣΤΙΝΑ,loupouc@yahoo.gr
ΛΟΥΒΗ-ΚΙΖΗ,ΑΣΠΑΣΙΑ,louviaspasia@gmail.com
ΜΠΡΑΤΣΟΣ,ΔΗΜΗΤΡΙΟΣ,Loxianax@yahoo.gr
ΤΟΥΡΝΑΣ,ΕΛΕΥΘΕΡΙΟΣ,ltournas@gmail.com
ΚΟΝΙΟΡΔΟΥ,ΛΥΔΙΑ,lydiakoniordou@gmail.com
ΠΙΤΣΙΛΟΥ,ΑΝΤΩΝΙΑ,lysandros2107@hotmail.com
ΠΑΡΑΣΚΕΥΟΠΟΥΛΟΥ,ΜΑΡΙΑ,m_par@hotmail.gr
ΑΓΓΕΛΟΠΟΥΛΟΣ,ΜΙΧΑΛΗΣ,m.angelopoulos@dei.com.gr
ΕΥΑΓΓΕΛΟΔΗΜΟΥ,ΜΑΡΓΑΡΙΤΑ,m.evangelodimou@yahoo.com
ΛΑΖΟΥ,ΜΑΡΙΑ,m.lazou.tsomou@gmail.com
ΠΑΡΑΣΧΗ,ΜΥΡΤΩ,m.paraschis@gmail.com
ΝΑΣΤΟΥ,ΜΑΡΙΝΑ,ma_nastos@hotmail.com
ΜΠΑΚΟΥΡΟΥ,ΜΑΡΙΑ-ΔΗΜΗΤΡΑ,madybakourou@yahoo.gr
ΖΟΡΓΙΑ,ΜΑΧΗ,mahizorg@gmail.com
ΤΡΙΤΟ ΓΥΜΝΑΣΙΟ Ν.ΣΜΥΡΝΗΣ,,mail@3gym-n-smyrn.att.sch.gr
ΓΟΥΛΟΥΛΗΣ,ΣΤΑΥΡΟΣ,mail@gak.lar.sch.gr
ΠΑΣΑΜΙΧΑΛΗ,ΜΑΡΙΑ,mairi.lou2000@gmail.com
ΡΟΜΠΟΛΑΣ,ΓΕΡΑΣΙΜΟΣ,makis.rompolas@gmail.com
ΙΟΡΔΑΝΟΠΟΥΛΟΣ,ΕΥΘΥΜΙΟΣ(ΜΑΚΗΣ),makisiord@yahoo.gr
ΜΑΛΙΖΟΣ,ΚΩΝ/ΝΟΣ,malizos@med.uth.gr
ΑΘΑΝΑΣΟΠΟΥΛΟΥ-ΜΑΝΔΡΑΠΗΛΙΑ,ΓΕΩΡΓΙΑ,MANDRAPILIA@in.gr
ΜΠΕΡΙΑΤΟΥ,ΜΑΡΙΑ,maniaberi@gmail.com
ΜΑΝΙΚΑΡΟΥ,ΜΕΤΑΞΟΥΛΑ-ΕΛΕΝΗ,manikarou@yahoo.gr
ΚΟΡΡΕΣ,ΕΜΜΑΝΟΥΗΛ,mankor@otenet.gr
ΜΙΧΑ,ΜΑΡΙΑ,mar.micha@gmail.com
ΡΑΠΤΗ,ΜΑΡΙΑ,mar.rapti@hotmail.gr
ΜΑΡΑΓΚΟΠΟΥΛΟΣ,ΔΗΜΗΤΡΙΟΣ,maragopulos@gmail.com
ΜΑΡΑΜΗΣ,ΔΗΜΗΤΡΙΟΣ,maramisd@hotmail.com
ΜΑΡΑΝΤΟΣ,ΧΡΗΣΤΟΣ,marantos.christos@atticabank.gr
ΘΕΟΔΩΡΑΚΗ,ΜΑΡΓΑΡΙΤΑ,margaritatheodorakis@gmail.com
ΗΛΙΟΠΟΥΛΟΥ,ΜΑΡΓΑΡΙΤΑ,marguerite.iliopoulou@gmail.com
ΤΣΕΠΕΡΙΚΙΔΟΥ,ΜΑΡΙΑ,maria_tepe@yahoo.gr
ΚΩΣΤΑΓΙΑΝΝΗ,ΜΑΡΙΑ,maria-kost@hotmail.com
ΚΑΡΑΜΙΝΤΖΙΟΥ,ΜΑΡΙΑ,maria.karamintziou@yahoo.gr
ΘΕΟΔΩΡΟΥ,ΜΑΡΙΑ,maria@theodorou.gr
ΜΠΟΥΛΟΥΚΟΥ,ΜΑΡΙΑ,mariabouloukou@gmail.com
ΔΕΛΗΓΙΑΝΝΗ,ΜΑΡΙΑ,mariadelig@gmail.com
ΒΑΒΛΑ,ΜΑΡΙΑ - ΙΩΑΝΝΑ,mariaioannavavla@gmail.com
ΚΟΝΤΙΑΔΗ,ΜΑΡΙΑ-ΑΛΕΞΑΝΔΡΑ,mariakontiadi@gmail.com
ΚΡΗΤΙΚΟΥ,ΜΑΡΙΑΜ,mariam-kritikou@hotmail.com
ΣΑΒΡΑΜΗ,ΜΑΡΙΑ (ΜΑΡΙΑΝΝΑ),marianna_savrami@yahoo.gr
ΣΤΑΣΙΝΟΥ,ΜΑΡΙΛΙΑ,marilia_stsn@yahoo.com
ΜΙΧΑΛΟΠΟΥΛΟΥ,ΜΑΡΙΑ-ΕΥΑΓΓΕΛΙΑ,marilimichalopoulou@gmail.com
ΜΑΡΙΝΑΚΟΥ,ΕΥΓΕΝΙΑ,marimats@otenet.gr
ΜΟΥΝΔΡΕΑ-ΠΟΝΤΙΚΑ,ΒΙΚΥ,mariopon@otenet.gr
ΠΟΝΤΙΚΑΣ,ΜΑΡΙΟΣ,mariopon@otenet.gr
ΜΙΧΑΗΛΙΔΗΣ,ΜΑΡΙΟΣ,mariosmichaelides1@gmail.com
ΣΠΑΝΟΣ,ΚΩΝ/ΝΟΣ,marivasi@hol.gr
ΖΑΧΑΡΩΦ,ΜΑΡΙΒΑ,marivazacharof@msn.com
ΚΑΛΟΠΑΣΤΑ,ΜΑΡΙΝΑ,Markalkor@yahoo.gr
ΜΑΡΚΕΛΛΟΥ,ΜΑΡΙΝΑ,markelloumarina@gmail.com
ΠΟΛΙΤΟΠΟΥΛΟΥ,ΜΑΡΙΑ-ΕΛΕΝΗ,marl.polit@hotmail.com
ΜΑΝΟΥΣΑΚΗΣ,ΜΑΝΟΥΣΟΣ,marmanou@otenet.gr
ΜΑΡΟΥΓΚΑ,ΑΝΝΑ,marougaanna@yahoo.gr
ΜΑΡΤΙΝΟΥ,ΦΡΟΣΩ,martinoufroso@gmail.com
ΔΗΜΟΥ,ΜΑΡΙΑ,mary16@hol.gr
ΤΣΑΓΚΑΡΑΚΗ,ΜΑΡΙΑ,marytsagkaraki@yahoo.gr
ΒΟΤΣΗ,ΜΑΡΙΑ,maryvotsi@gmail.com
ΜΟΥΜΟΥΡΗΣ,ΜΑΞΙΜΟΣ,massimomoumouris@yahoo.gr
ΜΑΤΣΑΣ,ΝΑΟΥΜ,matsasm@otenet.gr
ΜΑΥΡΟΥΔΗΣ,ΚΩΝ/ΝΟΣ,mav_kostas@yahoo.com
ΜΑΥΡΙΔΟΓΛΟΥ,ΓΕΩΡΓΙΟΣ,mavridoglou@gmail.com
ΣΚΑΝΔΑΛΗΣ,ΜΑΞΙΜΟΣ,maximos.skanadalis@gmail.com
ΜΑΞΙΜΟΥ,ΣΚΑΝΔΑΛΗ,maximos.skandalis@gmail.com
ΠΕΤΡΑΚΟΓΙΩΡΓΗ-ΑΝΥΦΑΝΤΑΚΗ,ΜΑΡΙΑ,mayor@dimosfestou.gr
ΔΕΔΟΥΛΗ,ΜΑΡΙΝΑ,mdedoul@yahoo.gr
ΚΥΡΙΑΚΗ,ΜΕΡΟΠΗ,me.rope98@hotmail.com
ΔΕΡΜΑΝΗΣ,ΕΥΘΥΜΙΟΣ,medermanis@yahoo.gr
ΜΩΥΣΕΩΣ,ΜΕΛΙΝΑ,melinamoyseos@live.com
ΠΩΛΟΓΙΩΡΓΗ,ΜΕΛΠΩ,melpologiorgi@yahoo.gr
ΤΑΪΓΑΝΙΔΟΥ,ΕΛΕΝΗ,meltini_8@yahoo.gr
ΚΟΛΥΔΑΣ,ΘΕΟΔΩΡΟΣ,meteo959@gmail.com
ΜΕΤΙΝΙΔΟΥ,ΓΕΩΡΓΙΑ,metinidou.georgia@gmail.com
ΓΑΪΤΑΝΤΖΗ,ΜΑΡΙΝΑ,mgaome@gmail.com
ΓΟΥΝΑΛΗ,ΜΑΡΙΑΝΝΑ,mgounali@yahoo.gr
ΓΚΑΝΑΣ,ΜΙΧΑΗΛ,michalis.ganas@gmail.com
ΠΑΤΕΡΑΚΗΣ,ΜΙΧΑΛΗΣ,michalis.pater@gmail.com
ΜΙΧΑΣ,ΙΩΑΝΝΗΣ,michasyannis@gmail.com
ΚΑΡΑΜΠΕΛΑ,ΜΙΧΑΗΛΙΑ,mihailiak@yahoo.com
ΜΙΧΟΣ,ΒΑΣΙΛΕΙΟΣ,mihoslar@otenet.gr
ΑΘΑΝΑΣΟΥΛΗ,ΔΗΜΗΤΡΑ,mik@altec.gr
ΛΟΓΙΑΔΗΣ,ΜΙΛΤΙΑΔΗΣ,miltoslog@yahoo.gr
ΓΙΑΝΝΟΠΟΥΛΟΥ,ΔΗΜΗΤΡΑ,mimika.giannopoulou@gmail.com
ΜΗΤΡΟΠΟΥΛΟΣ,ΣΠΥΡΙΔΩΝ,mitropoulos@t-online.de
ΚΑΤΣΟΥΝΑΚΗ,ΜΑΡΙΑ,mkatsounaki@kathimerini.gr
ΚΥΡΙΑΚΟΥ,ΜΑΓΔΑΛΗΝΗ (ΜΑΓΔΑ),mkiriakou@gmail.com
ΚΛΑΟΥΔΑΤΟΥ,ΜΕΜΑ,mklaoud@gmail.com
ΚΛΑΠΑΣ,ΜΙΛΤΙΑΔΗΣ,mklapas@otenet.gr
ΚΟΚΚΙΝΗ,ΜΑΡΙΑ,mkokkini2006@yahoo.gr
ΚΟΥΜΑΝΙΩΤΗ,ΦΡΕΙΔΕΡΙΚΗ,mkoumaniote@gmail.com
ΜΑΝΑΚΑ,ΜΑΡΙΑ,mmanaka@otenet.gr
ΓΑΒΡΙΕΛΑΤΟΥ,ΚΑΛΟΜΟΙΡΑ,moiragabriel44@gmail.com
ΑΝΑΝΙΑΔΟΥ,ΚΑΡΟΛΙΝΑ,mosaics24@gmail.com
ΜΟΣΧΟΒΗ,ΓΕΩΡΓΙΑ,moschovi@yahoo.gr
ΠΑΛΑΣΚΑ,ΜΑΡΙΑ,mpalask@gmail.com
ΠΕΡΡΑΚΗ,ΝΟΡΑ-ΜΥΡΤΩ,mperrakis@icloud.com
ΠΕΡΡΑΚΗΣ,ΕΜΜΑΝΟΥΗΛ,mperrakis@icloud.com
ΠΕΖΟΥΛΑ-ΜΑΝΩΛΑΚΑΚΗ,ΜΥΡΤΩ,mpezoula@gmail.com
ΠΟΘΟΠΟΥΛΟΥ,ΜΑΡΙΑ,mpothopoulou@gmail.com
ΠΡΙΦΤΗ,ΜΑΡΓΑΡΙΤΑ,mpri1995@gmail.com
ΡΑΝΟΥ,ΜΑΡΙΑΝΝΑ,mranou@tee.gr
ΜΑΥΡΟΓΕΝΙΔΟΥ,ΣΟΦΙΑ,msophia@seznam.cz
ΘΕΟΛΟΓΗ,ΜΑΡΙΑ,mtheologi@hotmail.com
ΠΑΣΣΑΡΗ,ΕΥΘΥΜΙΑ,mtspassari@yahoo.com
ΞΕΝΟΥ,ΜΑΡΙΑΝΘΗ (ΜΑΝΙΑ),mxenou@reliant.gr
ΜΥΛΟΠΟΥΛΟΣ,ΙΩΑΝΝΗΣ,mylop@civil.auth.gr
ΛΙΟΝΑΡΑΚΗ,ΜΥΡΣΙΝΗ,myrsilio@gmail.com
ΒΟΥΝΑΤΣΟΥ,ΜΥΡΤΩ,myrto@molyvosfestival.com / samiamedia@gmail.com
ΛΑΓΚΑΔΙΝΟΣ,ΝΙΚΟΛΑΟΣ,n_lagadin@yahoo.gr
ΑΘΑΝΑΣΟΠΟΥΛΟΣ,ΝΙΚΟΛΑΟΣ,n.athanasopoulos@sgt.gr
ΛΑΔΙΚΟΣ,ΔΙΟΝΥΣΙΟΣ (ΑΚΗΣ),n.zakinthou@kep.gov.gr
ΛΑΔΙΚΟΥ-ΓΙΑΝΝΟΥΛΗ,ΓΕΩΡΓΙΑ,n.zakinthou@kep.gov.gr
ΔΡΑΚΟΥΛΑ,ΝΑΝΤΙΑ,naddrac@gmail.com
ΡΙΖΟΥ,ΑΘΑΝΑΣΙΑ,nancy_rizou@hotmail.com
ΑΝΑΙΡΟΥΣΗ,ΦΑΝΗ,naner@otenet.gr
ΝΑΣΙΩΚΑΣ,ΕΚΤΟΡΑΣ,nasiokas52@gmail.com
ΕΛΙΟΓΛΟΥ,ΝΑΤΑΛΙΑ,natalia_el2005@yahoo.gr
ΜΑΚΡΗ,ΝΑΤΑΣΑ,natasamakri@yahoo.gr
ΜΕΛΙΤΟΣ,ΚΩΝ/ΝΟΣ,nektariosmel@yahoo.gr
ΝΕΟΦΩΤΙΣΤΟΣ,ΕΥΑΓΓΕΛΟΣ,neofotistos@hotmail.com
ΣΥΛΛΟΓΟΣ ΑΓΧΙΑΛΙΤΩΝ,ΑΘΗΝΑΣ,newssanchialos@yahoo.gr
ΓΑΛΑΝΙΔΟΥ,ΝΕΝΑ,ngalanidou@phl.uoc.gr
ΓΙΑΝΝΟΥΛΗΣ,ΝΙΚΟΛΑΟΣ,ngianuli@uoi.gr
ΣΤΑΦΥΛΟΠΑΤΗΣ,ΝΙΚΟΛΑΟΣ,nickos@stafilopatis.gr
ΒΕΡΓΟΥ,ΝΙΚΟΛΕΤΤΑ,nicol_ve@hotmail.com
ΣΑΛΙΒΕΣΤΡΟΣ,ΝΙΚΟΛΑΟΣ,nicsal25@gmail.com
ΠΑΠΑΘΕΟΔΩΡΟΥ,ΝΙΚΟΛΑΟΣ,nikapap@hotmail.com
ΝΤΑΛΤΑΓΙΑΝΝΗ,ΝΙΚΗ,niki.daltagianni@gmail.com
ΑΛΕΞΟΠΟΥΛΟΥ,ΝΙΚΗ,nikkialex@hotmail.gr
ΛΑΜΠΑΚΗΣ,ΝΙΚΟΛΑΟΣ,nikolaslampakis@gmail.com
ΚΑΛΟΓΕΡΑΣ,ΝΙΚΟΛΑΟΣ,nikos.amades@gmail.com
ΜΑΝΗΣ,ΝΙΚΟΛΑΟΣ,nikos.i.manis@gmail.com
ΠΟΡΤΟΚΑΛΟΓΛΟΥ,ΝΙΚΟΛΑΟΣ,nikoso@live.com
ΒΑΔΙΒΟΥΛΗΣ,ΝΙΚΟΛΑΟΣ,nikvadiv@gmail.com
ΓΕΩΡΓΙΑΔΟΥ,ΝΙΝΑ,ninageo1993@hotmail.com
ΠΑΥΛΙΔΟΥ,ΝΙΟΒΗ,niovi@auth.gr
ΤΣΑΠΑΡΑ,ΚΩΝ/ΝΑ,nirilien@mail.com
ΜΑΛΑΚΑΤΑΣ,ΝΙΚΟΛΑΟΣ,nmalakatas@gmail.com
ΠΑΠΑΜΙΧΑΗΛ,ΕΠΑΜΕΙΝΩΝΔΑΣ,nondas189@gmail.com
ΘΗΒΑΙΟΥ,ΠΑΝΑΓΙΩΤΑ,notathivaiou@gmail.com
ΜΑΥΡΟΥΔΗΣ,ΠΑΝΑΓΙΩΤΗΣ,notismavroudis@gmail.com
ΝΟΥΣΙΑ,ΜΑΡΙΑ,nousiamar@gmail.com
ΠΑΠΑΖΑΡΚΑΔΑΣ,ΝΙΚΟΛΑΟΣ,npap2004@yahoo.co
ΠΛΑΤΙΑ,ΝΙΚΟΛΕΤΑ,nplatia@hotmail.com
ΣΚΟΥΛΑΣ,ΝΙΚΟΛΑΟΣ,nskoulas@nsa.gr
ΖΑΡΑΜΠΟΥΚΑ-ΧΑΤΖΗΜΑΝΟΥ,ΝΙΟΒΗ-ΒΑΣΙΛΙΚΗ,nv.zacha@gmail.com
ΒΕΡΒΕΡΙΔΗΣ,ΝΙΚΟΛΑΟΣ,nv@elculture.gr
ΒΑΤΟΠΟΥΛΟΣ,ΝΙΚΟΛΑΟΣ,nvatopoulos@kathimerini.gr
ΞΑΝΘΟΣ,ΝΙΚΟΛΑΟΣ,nxanthos@polytroponarchitects.gr
ΖΑΡΙΦΗΣ,ΝΙΚΟΛΑΟΣ,nzarifis@otenet.gr
ΡΑΝΗΣ (RANIS),ΘΕΟΔΩΡΟΣ (TED),odie1935@gmail.com
ΚΟΨΙΔΑΣ,ΟΔΥΣΣΕΑΣ,odykopsi@yahoo.gr
ΟΙΚΟΝΟΜΟΥ,ΕΦΗ,oikonome@gmail.com
ΟΙΚΟΝΟΜΟΥ,ΔΗΜΗΤΡΙΟΣ,oikonomud@gmail.com
ΜΑΝΟΥ,ΟΛΓΑ,olga.manou62@gmail.com
ΓΙΑΝΝΟΠΟΥΛΟΥ,ΟΛΓΑ,olgayiann@gmail.com
ΠΡΟΦΙΛΗ,ΟΛΓΑ,olgotan@icloud.com
ΑΛΕΙΦΕΡΗ,ΟΛΥΜΠΙΑ,olympialeiferi@gmail.com
ΓΕΝΙΑΣ,ΚΩΝ/ΝΟΣ,orfeasyenias@hotmail.com
ΣΓΟΥΡΟΣ,ΟΔΥΣΣΕΑΣ,osgouros@gmail.com
ΟΖΑΛΠ,ΚΩΝ/ΝΟΣ,ozalpk@interamerican.gr
ΚΑΡΑΜΠΑΤΖΑΚΗ,ΠΑΡΑΣΚΕΥΗ,p_karamp@otenet.gr
ΜΟΧΙΑΝΑΚΗΣ,ΠΑΝΤΕΛΕΗΜΩΝ,p.mochianakis@gmail.com
ΠΑΝΑΓΙΩΤΟΠΟΥΛΟΣ,ΑΛΕΞΑΝΔΡΟΣ,panagal@otenet.gr
ΒΛΑΧΟΣ,ΠΑΝΑΓΙΩΤΗΣ,panagiotisvlachos@gmail.com
ΚΟΥΤΣΟΥΚΟΥ,ΠΑΝΑΓΙΩΤΑ,panaiota.koutsoukou@libero.it
ΠΑΝΑΓΙΩΤΟΠΟΥΛΟΣ,ΠΑΝΑΓΙΩΤΗΣ-ΓΕΩΡΓΙΟΣ,panayisp@yahoo.gr
ΣΥΛΛΟΓΟΣ ΑΠΑΝΤΑΧΟΥ ΚΑΤΟΧΙΑΝΩΝ,,panoskalantzis1@yahoo.gr
ΚΑΛΤΣΗΣ,ΠΑΝΑΓΙΩΤΗΣ,panoskaltsis@otenet.gr
ΠΑΝΟΥΣΗΣ,ΙΩΑΝΝΗΣ,panousis@media.uoa.gr
ΣΤΡΟΓΓΥΛΟΣ,ΠΑΝΑΓΙΩΤΗΣ,panstrong@yahoo.gr
ΣΤΡΟΓΓΥΛΟΥ,ΑΓΓΕΛΙΚΗ,panstrong@yahoo.gr
ΠΑΝΤΑΖΗ,ΠΟΛΥΞΕΝΗ,pantazixe@gmail.com
ΚΟΥΡΕΤΑ-ΚΟΤΣΙΑΝΗ,ΠΑΝΑΓΙΩΤΑ,panykoureta@gmail.com
ΠΑΠΑΔΟΠΟΥΛΟΥ,ΑΝΑΣΤΑΣΙΑ,pap_sia@hotmail.com
ΠΑΠΑΔΟΠΟΥΛΟΥ,ΑΙΚΑΤΕΡΙΝΗ,pap.katerina@gmail.com
ΠΑΠΑΔΟΠΟΥΛΟΣ,ΙΩΑΝΝΗΣ,papadio@uth.gr
ΠΑΠΑΔΑΚΗ,ΜΑΡΙΑ,papakinet@gmail.com
ΠΑΠΑΚΩΣΤΑ,ΑΦΡΟΔΙΤΗ,papakostaa@interamerican.gr
ΠΑΠΑΘΑΝΑΣΙΟΥ,ΙΩΑΝΝΑ,papathan@teilar.gr
ΠΑΠΠΑ,ΜΑΡΙΑ,pappamar@yahoo.com
ΠΑΡΑΣΚΕΥΑ,ΠΟΛΥΑΝΝΑ,paraskevapolyanna@gmail.com
ΚΑΡΑΘΑΝΑΣΗΣ,ΠΑΡΑΣΚΕΥΑΣ,parembatiki@in.gr
ΠΑΣΧΑΛΙΔΗΣ,ΓΕΩΡΓΙΟΣ,pasgeor@otenet.gr
ΠΑΤΡΙΚΙΔΟΥ,ΝΙΝΑ,patrikidounina@yahoo.com
ΓΕΩΡΓΑ,ΠΕΓΚΥ,peggysue78@gmail.com
ΠΕΛΕΚΑΣΗ,ΕΛΙΣΑΒΕΤ,pelekasielis@gmail.com
ΚΑΨΑΛΗ,ΠΕΛΛΗ,pellykap@hotmail.com
ΠΕΝΤΖΟΥΡΙΔΗΣ,ΠΑΝΑΓΙΩΤΗΣ,pentzouridis@gmail.com
ΠΕΠΠΑ,ΣΟΦΙΑ,peppa.sofia@gmail.com
ΠΕΡΙΣΤΕΡΗ,ΑΙΚΑΤΕΡΙΝΗ,peristerikate@gmail.com
ΠΕΤΡΙΑΝΙΔΟΥ,ΠΑΣΧΑΛΙΝΑ,petrilin@central.ntua.gr
ΠΑΠΑΕΥΑΓΓΕΛΙΟΥ,ΠΕΤΡΟΥΛΑ,petrinapapa@hotmail.com
ΓΙΑΝΝΟΥΛΕΑΣ,ΠΑΝΑΓΙΩΤΗΣ,pgiannouleas@yahoo.gr
ΠΕΡΡΑΚΗΣ,ΦΑΙΔΩΝ,phaidon_per@hotmail.com
ΚΩΝΣΤΑΝΤΙΝΙΔΗ,ΦΟΙΒΗ,phoebe@postscriptum.gr
ΠΑΠΑΧΑΤΖΗ,ΦΩΤΕΙΝΗ,photinipap@gmail.com
ΠΙΚΟΠΟΥΛΟΥ-ΤΣΟΛΑΚΗ,ΔΕΣΠΟΙΝΑ,picopoulou@hotmail.com
ΜΑΚΡΙΔΗΣ,ΔΗΜΗΤΡΙΟΣ,pikoapikos@yahoo.gr
ΠΙΤΕΝΗΣ,ΜΙΧΑΛΗΣ,pitenis3@gmail.com
ΙΩΑΝΝΙΔΗΣ,ΝΙΚΟΛΑΟΣ,pizza-uno@hotmail.com
ΝΙΚΟΛΑΪΔΟΥ,ΣΟΦΙΑ,plagona@otenet.gr
ΜΑΥΡΟΜΟΥΣΤΑΚΟΣ,ΠΛΑΤΩΝ,platon@theatre.uoa.gr
ΜΑΝΔΡΑΒΕΛΗΣ,ΠΑΣΧΟΣ,pmandrav@gmail.com
ΜΟΝΑΣΤΗΡΙΔΗΣ,ΠΡΟΔΡΟΜΟΣ,pmonastiridis@tch.gr
ΜΟΣΧΟΛΙΟΣ,ΠΑΥΛΟΣ,pmosxolios@agrinio.gr
ΜΟΥΖΟΥΡΑΚΗ,ΠΑΝΑΓΙΩΤΑ,pmouzourakis@skynet.be
ΣΑΡΡΗ,ΠΟΛΥΞΕΝΗ,polinasarri@gmail.com
ΟΙ ΝΗΕΣ,,polisourpis@hotmail.com
ΟΛΥΜΠΙΑ,ΕΝ ΔΙΩ,politistika@dide.pie.sch.gr
ΠΟΛΙΤΟΠΟΥΛΟΥ,ΑΦΡΟΔΙΤΗ,politopoulou@gmail.com
ΡΟΥΣΣΟΥ,ΠΟΛΥΞΕΝΗ,polyxeniaroussou@gmail.com
ΓΚΑΝΑ,ΚΑΛΛΙΟΠΗ,popi.gana@gmail.com
ΠΟΥΛΙΟΣ,ΧΡΗΣΤΟΣ,pouliosch@gmail.com
ΠΑΓΚΡΑΤΗΣ,ΑΝΤΩΝΙΟΣ,ppagr@tee.gr
ΠΑΠΑΝΤΩΝΙΟΥ,ΠΑΝΑΓΙΩΤΗΣ,ppapant@central.ntua.gr
ΠΑΡΑΣΧΟΣ,ΠΑΝΑΓΙΩΤΗΣ,pparaschou@kopa3ka.com
ΠΑΡΑΣΧΟΥ,ΠΑΝΑΓΙΩΤΑ,pparaschou@kopa3ka.com
ΛΟΥΚΟΣ,ΓΕΩΡΓΙΟΣ,president@greekfestival.gr
ΣΟΥΛΤΑΝΗ,ΠΑΡΑΣΚΕΥΗ,psou83020@gmail.com
ΤΖΑΜΑΡΓΙΑΣ,ΠΑΝΑΓΙΩΤΗΣ,ptzamar@primedu.uoa.gr
ΖΑΧΟΠΟΥΛΟΥ,ΠΑΝΑΓΙΩΤΑ,pzaho@tee.gr
ΡΑΧΟΥΤΗΣ,ΠΕΤΡΟΣ,rahoutispeter@gmail.com
ΠΕΠΟΝΗ,ΟΥΡΑΝΙΑ,rania_pep@hotmail.com
ΔΡΑΝΔΑΚΗ,ΕΙΡΗΝΗ,rena.drandaki@gmail.com
ΡΕΠΑΣ,ΔΗΜΗΤΡΙΟΣ,repasd@otenet.gr
ΡΙΖΟΔΗΜΟΣ,ΕΜΜΑΝΟΥΗΛ,rizoden@gmail.com
GROCHOWSKI,ROBERT,robert.grochowski@gazeta.pl
ΡΟΔΗΣ,ΛΑΜΠΡΟΣ,rodislambros@gmail.com
ΜΠΟΥΖΑΡΑΣ,ΣΩΤΗΡΙΟΣ,rodopimedia@gmail.com
ΡΟΥΜΠΟΥ,ΕΛΕΝΗ,roubouh@gmail.com
ΒΑΡΣΑΜΗ,ΑΓΟΡΙΤΣΑ,roulabarsami@yahoo.gr
ΚΟΝΤΟΝΙΚΑ,ΣΤΑΥΡΟΥΛΑ,roulkon@yahoo.gr
ΚΟΥΓΕΑΣ,ΣΩΚΡΑΤΗΣ,rouros@otenet.gr
ΚΥΠΡΙΩΤΑΚΗΣ,ΡΟΥΣΣΟΣ,roussosk@her.forthnet.gr
ΚΟΛΩΝΙΑ,ΡΟΖΙΝΑ,rozina.kolonia@gmail.com
ΣΟΥΛΑΚΗ,ΟΥΡΑΝΙΑ(ΡΑΝΙΑ),rsoulaki@gmail.com
ΑΛΩΝΙΣΤΙΩΤΟΥ,ΑΘΑΝΑΣΙΑ (ΣΙΣΣΥ),salonistiotou@gmail.com
ΣΑΜΑΡΤΖΗΣ,ΑΝΔΡΕΑΣ,samand@outlook.com.gr
ΣΑΠΕΡΑΣ,ΝΙΚΟΛΑΟΣ,saperasnikolaos@yahoo.gr
ΔΗΜΑΚΗΣ,ΣΠΥΡΙΔΩΝ,sdag@otenet.gr
ΝΤΑΣΚΑΓΙΑΝΝΗ,ΣΩΤΗΡΙΑ (ΡΟΥΛΑ),sdask@otenet.gr
ΝΤΩΝΑ,ΣΟΦΙΑ,seewildsea@yahoo.com
ΜΠΑΚΟΥΡΑΣ,ΣΙΔΕΡΗΣ,sidbak7@gmail.com
ΣΚΑΜΑΓΚΟΥ,ΦΙΛΙΠΠΑ,skamagouf@interamerican.gr
ΣΚΙΑΔΑΣ,ΝΙΚΟΛΑΟΣ,skiadasn@gmail.com
ΜΑΝΩΛΟΠΟΥΛΟΣ,ΣΠΥΡΙΔΩΝ,sman@space.gr
ΑΥΓΕΡΟΥ,ΜΑΡΙΑ,smart.maraki99@gmail.com
ΝΙΚΟΛΟΥ,ΣΑΒΒΟΥΛΑ,snicolou@otenet.gr
ΝΤΟΥΡΟΣ,ΣΩΤΗΡΙΟΣ,sntouros@gmail.com
ΖΑΧΙΩΤΗ,ΣΟΦΙΑ,sofia_zachioti@hotmail.com
ΔΟΥΛΚΙΔΟΥ,ΣΟΦΙΑ,sofia.doulk@hotmail.gr
ΔΟΤΑ,ΣΟΦΙΑ,sofia90gr@hotmail.com
ΣΩΜΑΡΑΚΗΣ,ΓΕΩΡΓΙΟΣ,somarakis67@hotmail.gr - somarakis67@gmail.com
ΕΥΜΟΡΦΟΠΟΥΛΟΥ,ΣΟΦΙΑ,sonia.evmorfopoulou@gmail.com
ΚΟΥΜΑΡΑ - ΤΣΙΤΣΟΥ,ΣΟΦΙΑ,sophiekoumara@gmail.com
ΙΑΤΡΟΥ,ΣΩΤΗΡΙΟΣ,sotiatrou@yahoo.gr
ΚΑΛΟΓΕΡΟΠΟΥΛΟΥ,ΣΩΤΗΡΙΑ,sotiria.kalogeropoulou@hotmail.com
ΠΑΝΑΓΙΩΤΟΠΟΥΛΟΥ,ΣΩΤΗΡΙΑ,sotiriapan95@gmail.com
ΜΑΝΩΛΟΠΟΥΛΟΣ,ΣΩΤΗΡΙΟΣ,sotman15@otenet.gr
ΣΥΜΕΩΝΙΔΗ,ΜΑΡΓΑΡΙΤΑ,sotsimeo@yahoo.gr
ΣΟΥΛΑΚΗΣ,ΝΙΚΟΛΑΟΣ,soulakis@soulakis.gr
ΡΙΖΚΑΛΑ,ΣΟΥΖΗ,souxier@gmail.com
ΘΕΟΔΟΣΗ,ΣΩΤΗΡΙΑ,spapanikol40@gmail.com
ΣΠΗΛΙΩΤΟΠΟΥΛΟΣ,ΣΤΕΦΑΝΟΣ,spil.stef@gmail.com
ΣΠΗΛΙΩΤΗΣ,ΞΕΝΟΦΩΝ,spil@teilar.gr
ΣΠΥΡΟΠΟΥΛΟΣ,ΚΩΝ/ΝΟΣ,spiropoulos@storydoc.gr
ΤΣΙΡΙΓΩΤΗΣ,ΣΠΥΡΙΔΩΝ,sptsirig@yahoo.gr
ΣΠΥΡΟΥΛΗ,ΦΑΝΗ,SPYRFAN@OTENET.GR
ΚΑΜΠΟΥΡΙΔΗΣ,ΧΑΡΗΣ,ssva@otenet.gr
ΜΑΡΙΝΗ,ΕΥΣΤΑΘΙΑ,sta8oula@hotmail.com
ΚΑΒΒΑΔΙΑ,ΑΝΝΑ,stafhara@gmail.com
ΣΤΑΪΚΟΥ-ΣΑΛΛΑ,ΣΟΦΙΑ,staikous@piraeusbank.gr
ΣΤΑΜΑΤΟΠΟΥΛΟΥ,ΑΓΓΕΛΙΚΗ,stamat10918@hotmail.com
ΣΤΑΝΤΖΟΥ,ΒΑΝΕΣΣΑ,stantzouv@interamerican.gr
ΣΤΑΥΡΟΥ,ΙΩΑΝΝΗΣ,stavrouyan@gmail.com
ΣΙΤΡΑ,ΣΤΕΦΑΝΙΑ,stefania_sitra@hotmail.com
ΣΤΕΦΑΝΗΣ,ΒΑΣΙΛΕΙΟΣ,stefanis.v@gr.selonda.com
ΚΟΝΔΥΛΑΣ,ΣΤΥΛΙΑΝΟΣ,stelkondyl@hotmail.com
ΤΟΜΑΖΟΥ,ΣΤΥΛΙΑΝΗ,stella.tomazos@technava.gr
ΣΤΡΟΥΜΠΟΥ,ΔΕΣΠΟΙΝΑ,stroumboud@interamerican.gr
ΣΤΑΘΟΥΛΟΠΟΥΛΟΣ,ΣΤΑΥΡΟΣ,ststa@hotmail.com
ΒΑΒΑΛΕΑ,ΣΤΑΥΡΟΥΛΑ,svavalea@gmail.com
ΞΕΝΟΠΟΥΛΟΣ,ΣΟΛΩΝ,sxeha@tee.gr
ΞΕΝΟΠΟΥΛΟΥ,ΣΟΦΙΑ,sxourm@gmail.com
ΠΑΠΑΓΙΑΝΝΗΣ,ΘΕΟΔΩΡΟΣ,synip@yahoo.gr
ΑΛΜΠΑΝΗΣ,ΓΕΩΡΓΙΟΣ,syntres@ath.forthnet.gr
ΚΟΥΖΟΓΛΟΥ,ΜΑΡΙΑ,syragoula@gmail.com
ΚΟΥΖΗ,ΑΝΤΩΝΙΑ,t_kouzi_arch@yahoo.gr
ΖΑΦΕΙΡΟΠΟΥΛΟΣ,ΘΕΟΔΩΡΟΣ,t_zafiropoulos@yahoo.com
ΠΑΠΑΡΙΔΗ,ΕΥΣΤΑΘΙΑ,tania.papa@ymail.com
ΣΙΜΟΠΟΥΛΟΥ,ΣΟΥΛΤΑΝΑ,tania.simopoulou@gmail.com
ΜΠΟΥΝΤΟΥΡΑΚΗΣ,ΘΕΟΔΟΣΗΣ,tbount@otenet.gr
ΔΡΑΒΙΛΛΑΣ,ΘΕΟΔΩΡΟΣ,tdravillas@gmail.com
ΑΓΓΕΛΟΠΟΥΛΟΣ,ΘΕΟΔΩΡΟΣ,teo_xenia@tellas.gr
ΞΥΠΟΛΥΤΑΣ,ΘΕΟΔΩΡΟΣ,teo024@otenet.gr
ΤΕΡΖΑΚΗ,ΜΑΡΙΑΝΝΑ,terma-.-@hotmail.gr
ΚΟΝΤΑΡΓΥΡΗ,ΤΕΡΨΙΧΟΡΗ,terpsi.kontour@gmail.com
ΜΑΛΑΜΟΣ,ΑΘΑΝΑΣΙΟΣ,thanmalamos@gmail.com
ΖΕΥΓΙΤΗ,ΘΕΩΝΗ,thenia_placebo@hotmail.com
ΜΑΡΑΓΚΟΣ,ΘΕΟΔΩΡΟΣ,theomaragos@gmail.com
ΓΕΩΡΓΟΠΟΥΛΟΥ,ΘΕΩΝΗ,theonistgeo@gmail.com
ΡΑΧΙΩΤΗΣ,ΘΕΟΔΩΡΟΣ,theorax@gmail.com
ΣΑΡΑΦΙΔΗΣ,ΘΕΟΔΩΡΟΣ,theosarf@gmail.com
ΚΑΜΠΟΥΡΙΔΟΥ,ΘΑΛΕΙΑ,thkampouridou@gmail.com
ΝΗΜΑΣ,ΘΕΟΔΩΡΟΣ,thnimas@gmail.com
ΣΩΚΟΣ,ΘΥΜΙΟΣ,thnsokos@yahoo.gr
ΓΚΟΝΗΣ,ΘΕΟΔΩΡΟΣ,thodoris.gonis@yahoo.gr
ΒΛΑΧΟΠΟΥΛΟΣ,ΘΕΟΔΩΡΟΣ,thodoris.vlachopoulos@gmail.com
ΡΕΡΡΑΣ,ΑΘΑΝΑΣΙΟΣ,threrras@gmail.com
ΘΡΟΥΒΑΛΑ,ΣΟΦΙΑ,throusof@asfa.gr
ΓΡΗΓΟΡΙΟΥ,ΧΡΙΣΤΙΝΑ,tina85@otenet.gr
ΚΑΤΣΙΦΗ,ΘΕΟΔΩΡΑ,tkatsifi@yahoo.gr
ΜΑΡΚΟΜΙΧΕΛΑΚΗ,ΑΝΑΣΤΑΣΙΑ,tmarkom@otenet.gr
ΜΕΡΣΙΑΔΗΣ,ΘΕΜΗΣ,tmersiadis@hotmail.com
ΝΟΥΣΑΣ,ΠΑΝΑΓΙΩΤΗΣ,tnouss@windowslive.com
ΤΟΛΗ,ΕΦΗ,tolie@interamerican.gr
ΤΟΠΑΣ,ΚΩΝ/ΝΟΣ,topkostas@windowslive.com
ΤΟΤΟΜΗΣ,ΑΘΑΝΑΣΙΟΣ,totomis@mycosmos.gr
ΡΑΒΑΝΟΓΛΟΥ,ΑΘΑΝΑΣΙΟΣ,travanoglou@yahoo.gr
ΡΕΠΑΠΗ,ΠΑΝΑΓΙΩΤΑ (ΤΟΥΛΑ),trepapis@gmail.com
ΓΙΑΝΝΑΚΟΠΟΥΛΟΣ,ΔΗΜΗΤΡΙΟΣ,trisnakopoulos@hotmail.com
ΤΣΑΚΝΗΣ,ΔΙΟΝΥΣΗΣ,tsaknis@otenet.gr
ΓΡΑΨΑ - ΚΑΖΑΖΗ,ΟΥΡΑΝΙΑ,ugrapsa@yahoo.gr
ΚΥΡΙΑΚΟΠΟΥΛΟΣ,ΟΔΥΣΣΕΑΣ,ulysseskyriacopoulos@gmail.com
ΒΟΤΣΗ,ΒΑΣΙΛΙΚΗ,v_votsi@otenet.gr
ΚΑΤΕΡΗ,ΒΑΣΙΛΙΚΗ,v.kateri@hotmail.com
ΝΤΑΒΩΝΗ,ΒΑΡΒΑΡΑ,v.ntavoni@gmail.com
ΒΑΦΕΙΑΔΗΣ,ΒΑΣΙΛΕΙΟΣ,v.vaf1953@gmail.com
ΒΑΣΙΛΕΙΑΔΗ,ΒΕΡΕΝΙΚΗ,v.vereniki@gmail.com
ΖΙΑΚΑΣ,ΕΥΑΓΓΕΛΟΣ,vageliszks@hotmail.com
ΒΑΛΛΙΑΝΑΤΟΥ,ΕΙΡΗΝΗ,val.marili@gmail.com
ΚΙΟΥΣΟΠΟΥΛΟΥ,ΕΛΕΟΥΣΑ,val12law@otenet.gr
ΝΙΝΙΟΥ-ΚΙΝΔΕΛΗ,ΒΑΝΑ,vannaniniou@gmail.com
ΑΡΔΙΤΤΗΣ,ΒΙΚΤΩΡΑΣ,varditti@thea.auth.gr
ΠΟΤΗΡΙΑΔΗΣ,ΑΝΔΡΕΑΣ,various1@otenet.gr
ΣΟΥΛΗΣ,ΒΑΣΙΛΕΙΟΣ,vasilis_soulis@yahoo.gr
ΚΑΡΑΣΜΑΝΗΣ,ΒΑΣΙΛΕΙΟΣ,vasmar@hol.gr
ΜΑΡΙΝΗ,ΟΡΣΑΛΙΑ,vasmar@hotmail.com
ΠΑΠΠΑ,ΒΑΣΙΛΙΚΗ,vaspap60@yahoo.com
ΚΟΝΙΟΡΔΟΣ,ΒΑΣΙΛΕΙΟΣ,vassiliskon@hotmail.com
ΣΗΛΗΡΑ,ΒΑΣΙΛΙΚΗ,vassosilira@yahoo.gr
ΠΑΝΑΓΟΥ,ΒΑΣΙΛΙΚΗ,vasspanag@gmail.com
ΣΤΑΥΡΙΔΗΣ,ΒΑΣΙΛΗΣ,vasstavridis@gmail.com
ΣΤΑΘΑΡΑΚΟΥ,ΒΑΣΙΛΙΚΗ,vastatha@gmail.com
ΠΑΠΟΥΛΙΑΣ,ΕΥΑΓΓΕΛΟΣ,vatexnia@hotmail.com / papoulias@elke.uoa.gr
ΒΑΤΙΚΙΩΤΗ,ΜΥΡΤΩ-ΓΕΩΡΓΙΑ,vatikiotimyrto@gmail.com
ΜΠΟΥΤΟΣ,ΒΑΣΙΛΕΙΟΣ,vboutos@otenet.gr
ΜΠΡΙΝΙΑ,ΒΑΣΙΛΙΚΗ,vbrinia@aueb.gr
ΔΙΚΑΙΟΥΛΑΚΟΣ,ΒΑΣΙΛΕΙΟΣ,vdikaioulakos@gmail.com
ΓΕΩΡΓΑΚΟΠΟΥΛΟΥ,ΒΕΝΕΤΙΑ (ΒΕΝΑ),vena@enet.gr
ΡΕΜΠΟΥΤΖΑΚΟΥ,ΕΛΕΝΗ,vervadam@gmail.com
ΖΗΣΙΜΟΠΟΥΛΟΥ-ΓΚΙΩΝΗ,ΒΑΣΙΛΙΚΗ,vghioni@gmail.com
ΒΙΑΝΝΗΣ,ΟΘΩΝΑΣ,vianniso@hotmail.com
ΜΠΟΥΓΛΑ,ΒΑΣΙΛΙΚΗ,vicky.bougla@gmail.com
ΚΟΥΝΤΟΥΡΗ,ΒΙΚΤΩΡΙΑ,victoria_kountouri@hotmail.com
ΜΙΣΟΥΛΗ,ΑΛΚΗΣΤΗΣ,violarium1999@gmail.com
ΚΑΖΟΛΙΑΣ,ΕΥΑΓΓΕΛΟΣ,vkazolias@gmail.com
ΚΟΥΡΗΣ,ΒΑΣΙΛΕΙΟΣ,vkouris@ontelecoms.gr
ΒΛΑΧΟΣ,ΒΑΣΙΛΕΙΟΣ - ΑΓΓΕΛΟΣ,vlachos.a.vasilis@hotmail.com
ΒΛΑΒΙΑΝΟΣ,ΧΑΡΗΣ,vlaviano@otenet.gr
ΒΟΓΙΑΤΖΗΣ,ΠΑΥΛΟΣ,vogpavlos@gmail.com
ΟΙΚΟΝΟΜΙΔΟΥ,ΒΑΣΙΛΙΚΗ,voikonomid@gmail.com
ΔΙΔΩΝΗ,ΠΑΡΑΣΚΕΥΗ,vouladidoni@gmail.com
ΠΑΥΛΟΠΟΥΛΟΣ,ΙΑΚΩΒΟΣ,voularas@gmail.com
ΣΚΟΥΡΑ,ΠΑΡΑΣΚΕΥΗ,vouvoula@otenet.gr
ΠΑΤΟΥΛΙΔΟΥ,ΠΑΡΑΣΚΕΥΗ,vpatoulidou@gmail.com
ΠΑΚΑ,ΠΑΡΑΣΚΕΥΗ,vplaka@axon.com
ΒΑΣΙΛΕΙΟΥ,ΑΓΓΕΛΙΚΗ,vrahati49@hotmail.gr
ΒΑΣΙΛΕΙΟΥ,ΚΩΝ/ΝΟΣ,vrahati49@hotmail.gr
ΣΓΟΥΤΑΣ,ΒΑΣΙΛΕΙΟΣ,vs@sgoutas-architects.com
ΚΥΡΙΑΚΗ,ΒΑΣΙΛΙΚΗ-ΕΛΕΟΥΣΑ-ΕΛΕΝΗ,vskyriak@otenet.gr
ΞΕΚΑΛΑΚΗΣ,ΣΤΕΦΑΝΟΣ,xekalakis@tee.gr
ΞΗΡΟΥΧΑΚΗΣ,ΠΑΝΤΕΛΕΗΜΩΝ,xirouchakis@yahoo.gr
ΚΑΣΚΑΝΗΣ,ΧΡΗΣΤΟΣ,xka@otenet.gr
ΚΑΛΔΑΡΑ,ΞΕΝΙΑ,xkaldara@mcf.gr
ΚΑΡΥΠΙΔΟΥ,ΧΡΥΣΑΝΘΗ,xkaripidou@gmail.com
ΚΟΤΣΑΝΗ,ΖΑΧΑΡΟΥΛΑ,xkotsani@gmail.com
ΚΑΠΟΠΟΥΛΟΥ- ΧΡΙΣΤΟΜΟΓΛΟΥ,ΣΤΥΛΙΑΝΗ,xristomogloustella@gmail.com
ΠΑΠΑΝΙΚΟΛΑΟΥ,ΧΡΗΣΤΟΣ,xylagani@otenet.gr
ΚΑΡΒΕΛΗ,ΑΛΙΚΗ,yankarv@gmail.com
ΜΟΣΧΟΣ,ΙΩΑΝΝΗΣ,yannihope@hotmail.com
TZAN QI,YAO,yaotianqi@outlook.com
ΚΡΗΤΙΚΟΣ,ΙΩΑΝΝΗΣ,Yiannis_kritikos@hotmail.com
ΝΙΚΟΛΟΠΟΥΛΟΣ,ΙΩΑΝΝΗΣ,yiannis@cliomuseapp.com
ΜΠΡΕΔΑΚΗ,ΜΑΡΙΑ,ymiliaras@gmail.com
ΠΟΛΥΚΡΕΤΗΣ,ΓΕΩΡΓΙΟΣ,yorghosp@treecomp.gr
ΖΕΡΒΑΣ,ΓΕΩΡΓΙΟΣ,yozervas@gmail.com
ΤΖΩΡΤΖΗΣ,ΙΩΑΝΝΗΣ,ytzortzis@rae.gr
ΠΑΝΑΓΙΩΤΙΔΗΣ,ΖΑΦΕΙΡΗΣ,zaf@lourntdragon.com
ΖΑΡΟΥΜΑΝΔΑΛΟΥ,ΜΑΧΗ,zarouma@otenet.gr
ΜΠΟΝΙΑΣ,ΖΗΣΗΣ,zbonias@yahoo.gr
ΚΑΚΑΟΥΛΙΔΗΣ,ΖΗΣΗΣ,zis.kakoulidis@gmail.com
ΚΑΚΟΥΛΙΔΗΣ,ΖΗΖΗΣ,zis.kakoulidis@gmail.com
ΚΑΡΑΧΡΗΣΤΟΥ,ΖΙΝΑ,zkarachristou@gmail.com
ΓΙΑΛΗ,ΖΩΗ,zoegiali@gmail.com
ΣΑΜΣΑΡΕΛΟΥ,ΖΩΗ,zoesamsarelou@gmail.com
ΖΟΥΜΠΟΥΛΗ,ΜΑΡΙΑ,zoubouli@uoi.gr